post_id,type,message,timestamp,comments_count,reactions_count,author_name,author_profile,author_profile_picture,media_type,media_url,reaction_like,reaction_love,reaction_sad,reaction_anger,reaction_haha,reaction_wow
1153409163460680,post,"Children are victims of disproportionately affected by armed conflicts. They may be killed, maimed, orphaned, or separated from their parents.  How are children affected by war? Killed and maimed: Children are more likely than adults to be killed or maimed by explosive weapons.  Forced to flee: Children may be forced to flee their homes in search of safety.  Deprived of education: Children may be deprived of education opportunities.  Sexually transmitted diseases: Children may suffer from sexually transmitted diseases.  Attachment disruptions: Children may experience attachment disruptions due to the loss of parents.  How can we help children affected by war?  Speak up for children's rights: Speak up for the rights of children in conflict. Support peace initiatives: Support peace initiatives that include children and young people.  #disaster #nature #earthquake #tsunami #disasterrelief #flood #climatechange #indonesia #emergency #gempabumi #bencana #naturaldisaster #disasterpreparedness #covid #viral #bencanaalam #disastermanagement #hurricane #gempa #fire #disasterrecovery #bhfyp #banjir #gunungmeletus #help #longsor #tsunamipalu #water #restoration #war",1741914209,0,0,Dr Sandhyaâ€™s Neuropsychiatric clinic Kphb,,https://scontent.fsgn8-3.fna.fbcdn.net/v/t39.30808-1/336371842_1182904572363002_432544361922963838_n.jpg?stp=cp0_dst-jpg_s80x80_tt6&_nc_cat=111&ccb=1-7&_nc_sid=2d3e12&_nc_ohc=QkKkTvsO63UQ7kNvwEt09zS&_nc_oc=Adm8vjWS1b75RmmqGTP94vy1UldPCJLGLwK5rE5YSI_uP7wruMTktBU68aU2JFuNqsg&_nc_zt=24&_nc_ht=scontent.fsgn8-3.fna&_nc_gid=4NcllLtdsVS4VDpaDwQEbw&oh=00_AfFXfiKRTD_4CUFOqVjAVsPuWFt1Cci6J7L-Fs3wv6yeEQ&oe=681BBA6D,,,0,0,0,0,0,0
122119405256131026,post,"Comprehensive coverage typically covers damage to your vehicle against accidents, collision, theft, fire, explosion and lightning. You can opt to pay additional coverage  to extend your policy/certificate to cover some of the following add-ons:  â›ˆï¸Flood, windstorm, rainstorm, typhoon, hurricane, volcanic eruption, earthquake, landslide/landslip, subsidence or sinking of the soil/earth or other convulsion of nature  ğŸš—Breakage of glass in windscreen or windows  ğŸš¨Strike, riot and civil commotion  ğŸ™‹ğŸ½â€â™€ï¸Additional named driver  ğŸ‘¨â€ğŸ‘©â€ğŸ‘§â€ğŸ‘¦Passenger liability  ğŸ’¥Liability of passengers for acts of negligence  Do note that the list above is non-exhaustive. So, always remember check your insurance or takaful  policy/certificate for exclusions, and bear in mind that they may differ from one insurer to another.  ---  Perlindungan komprehensif selalunya termasuk perlindungan kerosakan pada kenderaan anda apabila berlakunya kemalangan, perlanggaran, kecurian, kebakaran, letupan dan kilat. Anda boleh memilih untuk membayar premium tambahan bagi meluaskan lagi liputan polisi anda supaya mendapat perlindungan untuk manfaat tambahan lain seperti:  â›ˆï¸Banjir, ribut angin, hujan ribut, taufan, hurikan, letusan gunung berapi, gempa bumi, tanah runtuh/gelinciran tanah, tanah mendap ataupun malapetaka alam yang lain.  ğŸš—Pecah cermin depan/belakang, atau tingkap   ğŸš¨Mogok, rusuhan dan kekecohan awam   ğŸ™‹ğŸ½â€â™€ï¸Tambahan pemandu dinamakan   ğŸ‘¨â€ğŸ‘©â€ğŸ‘§â€ğŸ‘¦Liabiliti penumpang   ğŸ’¥Liabiliti ke atas penumpang untuk perbuatan cuai  Ingat, senarai di atas tidak menyeluruh. Jadi,  jangan lupa untuk memeriksa polisi/sijil insuran atau takaful untuk melihat pengecualian-pengecualian, dan ketahui bahawa setiap kandungan polisi mungkin berbeza antara syarikat-syarikat insurans.   #JomLevelUp #YouOttoKnow #MotorInsurance #Takaful #PIAM #PersatuanInsuransAmMalaysia #Takaful4All",1704794480,0,13,Persatuan Insurans Am Malaysia,,https://scontent.fsgn8-3.fna.fbcdn.net/v/t39.30808-1/412620941_122114287010131026_5433389208401697082_n.jpg?stp=cp0_dst-jpg_s80x80_tt6&_nc_cat=110&ccb=1-7&_nc_sid=2d3e12&_nc_ohc=OfBE_MIM0ooQ7kNvwF8LNaO&_nc_oc=AdnLYJXPaNyn-51FhyLplt5qAatDJjgOITUEbc-V7U1-vF5c50C6SYrG0yM9QRWqwk0&_nc_zt=24&_nc_ht=scontent.fsgn8-3.fna&_nc_gid=4NcllLtdsVS4VDpaDwQEbw&oh=00_AfEO8ZytPjK8HdQxeu0IVUXSJ5ow1Tcx6e_uoE1NuIRIWw&oe=681BAE4C,,,13,0,0,0,0,0
806217984845140,post,"You can claim your insurance under these circumstances:ğŸ‘‡ . ğŸ’¥ğ€ğœğœğ¢ğğğ§ğ­ğ¬: If your car is involved in a collision or accident, you can file an insurance claim to cover the cost of repairs or replacement, depending on the extent of the damage. . ğŸ’¥ğ“ğ¡ğğŸğ­: If your car is stolen, you can file a claim to recover its value or receive compensation based on the terms of your insurance policy. . ğŸ’¥ğğšğ­ğ®ğ«ğšğ¥ ğğ¢ğ¬ğšğ¬ğ­ğğ«ğ¬: If your car is damaged due to a natural disaster such as a flood, hurricane, or earthquake, you can file a claim for the necessary repairs or replacement. . ğŸ’¥ğ…ğ¢ğ«ğ ğ¨ğ« ğğ±ğ©ğ¥ğ¨ğ¬ğ¢ğ¨ğ§: If your car is damaged or destroyed in a fire or explosion, you can file an insurance claim to cover the repair or replacement costs. . Don't let the insurance claiming process be a headache. ğŸ˜± . Trust our dedicated team to handle your claims swiftly and efficiently. ğŸ¤©ğŸ’ª . *Terms & Conditions apply . Reach out to us today at https://wa.link/53kav4 and enjoy peace of mind, knowing that your insurance needs are in good hands.  . --- Anda boleh membuat tuntutan insurans di bawah keadaan berikut:ğŸ‘‡ . ğŸ’¥ğŠğğ¦ğšğ¥ğšğ§ğ ğšğ§: Jika kereta anda terlibat dalam kemalangan, anda boleh membuat tuntutan insurans untuk menampung kos penyelenggaraan atau penggantian, bergantung kepada tahap kerosakan. . ğŸ’¥ğğğ§ğœğ®ğ«ğ¢ğšğ§ : Jika kereta anda dicuri, anda boleh membuat tuntutan untuk mendapatkan nilai kenderaan atau menerima pampasan berdasarkan terma polisi insurans anda. . ğŸ’¥ğğğ§ğœğšğ§ğš ğ€ğ¥ğšğ¦ : Jika kereta anda rosak akibat bencana alam seperti banjir, taufan, atau gempa bumi, anda boleh membuat tuntutan untuk penyelenggaraan atau penggantian yang diperlukan. . ğŸ’¥ğŠğğ›ğšğ¤ğšğ«ğšğ§ ğšğ­ğšğ® ğ¥ğğ­ğ®ğ©ğšğ§ : Jika kereta anda rosak atau hancur dalam kebakaran atau letupan, anda boleh membuat tuntutan insurans untuk menampung kos penyelenggaraan atau penggantian. . Jangan biarkan proses tuntutan insurans menjadi pening kepala. ğŸ˜± . Percayakan pihak kami yang komited untuk mengendalikan tuntutan insurans anda dengan cepat dan efisyen. ğŸ¤©ğŸ’ª . Hubungi kami hari ini di https://wa.link/53kav4 dan nikmatilah ketenangan fikiran, dengan mengetahui bahawa keperluan insurans anda dijaga dengan baik.  . *Tertakluk pada terma dan syarat . ğ•ğ¢ğ¬ğ¢ğ­ ğ”ğ¬ ğŸš—ğ“ğ¨ğ²ğ¨ğ­ğš ğ’ğ®ğ©ğğ« ğ„ğ¯ğğ«ğ ğ«ğğğ§ ğğ®ğ¬ğšğ£ğšğ²ğš ğŸ“No 35 & 37 Bestari 1/5, Taman Nusa Bestari, 79150 Iskandar Puteri, Johor.  . ğŸ“ğŒğšğ©ğ¬: bit.ly/tytnjgm  ğŸ—¾ğ–ğšğ³ğ: bit.ly/tytnjwaze  . â°ğğ©ğğ«ğšğ­ğ¢ğ§ğ  ğ‡ğ¨ğ®ğ«ğ¬: âœ…ğ’ğ¡ğ¨ğ°ğ«ğ¨ğ¨ğ¦: OPEN DAILY âœ…ğ’ğğ«ğ¯ğ¢ğœğ: Sunday OFF . #LHG #toyotasuperevergreennusajaya #toyotanusajaya #insurance",1698631202,2,41,Toyota Nusajaya 4S - Super Evergreen Nusajaya Sdn Bhd,,https://scontent.fsgn8-4.fna.fbcdn.net/v/t39.30808-1/376258166_772923071507965_1323615329172207404_n.jpg?stp=cp0_dst-jpg_s80x80_tt6&_nc_cat=107&ccb=1-7&_nc_sid=2d3e12&_nc_ohc=G-qhFNzEwZgQ7kNvwGc1H9P&_nc_oc=AdnNSjqbK_qSGBfRgE9dP-I_BM_nRpJVCUtzO7lleDmrUlN8a4tGSZSUFbIiG0ItfFw&_nc_zt=24&_nc_ht=scontent.fsgn8-4.fna&_nc_gid=4NcllLtdsVS4VDpaDwQEbw&oh=00_AfH9J7G-WupdZcjvWmbF_6GVLbjj-OZzi0UUao0y8g99uA&oe=681B95CC,,,41,0,0,0,0,0
1240719594520037,post,"A new, explosive eruption was reported yesterday for Indonesiaâ€™s Lewotobi Laki-laki volcano in East Flores, East Nusa Tenggara province, resulting in evacuations and generating an ash plume that reached as high as 8 km above the crater.  According to PDC's Advanced Analytics and automated Event Brief, approximately 22,000 people are located within 10 km of the volcano. Access DisasterAWARE for additional updates on this event, including insights into potential impacts on the population and critical infrastructure, as well as current and forecast ash clouds.  Download our free Disaster Alert app for early warnings and near real-time informationâ€”enhanced by AIâ€”for 28 types of natural and man-made hazards around the world! >>> Available on Google Play and the iOS App Store (Search ""Disaster Alert"" in the app stores)  Are you a Disaster Manager or Humanitarian Assistance Practitioner? >>> Access our award-winning, multi-hazard early warning and risk intelligence platformâ€”trusted by disaster managers worldwide! >>> Learn more at https://www.pdc.org/disasteraware/  #EarlyWarningforAll #SaferWorld #DisasterAlert #hurricane #volcano #fire #flood #tsunami #earthquake #disaster #hazard #landslide #tornado #winterstorm #storm #wildfire #severestorm AHA CENTRE  Badan Nasional Penanggulangan Bencana",1742571882,0,8,Pacific Disaster Center - PDC Global,,https://scontent.fppb1-1.fna.fbcdn.net/v/t39.30808-1/291352696_996560314347224_2631829773312587031_n.jpg?stp=cp0_dst-jpg_s80x80_tt6&_nc_cat=109&ccb=1-7&_nc_sid=2d3e12&_nc_ohc=gTfF494_n-gQ7kNvwHNHzgq&_nc_oc=AdlcveiKveGAg3xhh37jva_U0vz-RjiSlhMOwHaDg0UgcNgqCC7m78JUnUqZSdBfG60&_nc_zt=24&_nc_ht=scontent.fppb1-1.fna&_nc_gid=tQcX0Eys6EHN550hoXrozg&oh=00_AfHHX9qzYFZmAE1Jtla-XYfPASg_RbwtVb9MTD5luSWPkg&oe=681BB55D,,,4,0,0,0,0,0
1321492735573860,post,"Kesan Politik Daripada Bencana Oleh Philip Golingai It's Just Politics Ahad, 6 April 2025  ""ADA tak kesan politik akibat letupan paip gas di Putra Heights?"" tanya seorang ahli politik melalui telefon pada hari Rabu.  â€œSetakat yang saya pantau, tiada,â€ saya jawab.  â€œOrang ramai tahu bahawa ia adalah bencana yang tidak berkait dengan politik. Saya tidak nampak sesiapa cuba mengambil kesempatan politik daripada kejadian ini,â€ saya berkata mengenai letupan dan kebakaran yang berlaku di kawasan perbandaran Selangor itu.  Saya turut menyatakan bahawa pembangkang ketika ini, Perikatan Nasional, tidak berkelakuan seperti Pakatan Harapan semasa menjadi pembangkang dahulu. Sebelum menjadi kerajaan, Pakatan mampu menjadikan apa jua isu sebagai senjata politik yang berbahaya. Contohnya, bagaimana mereka menentang operasi syarikat perlombongan nadir bumi Australia, Lynas Corporation, di Malaysia.  â€œPerikatan, atas apa sebab pun, tidak sehandal Pakatan dalam membuat kerajaan kelihatan teruk,â€ kata saya.  Mungkin ada yang tidak bersetuju dengan penilaian saya, terutamanya berkaitan isu 3R (kaum, agama dan institusi diraja).  Saya ada menyebut bahawa Pengerusi Perikatan Selangor, Datuk Seri Mohamed Azmin Ali, telah menggesa kerajaan negeri menyemak semula semua projek pembangunan berhampiran paip gas di Putra Heights. Azmin turut menyeru siasatan bebas, menyeluruh dan telus bagi menangani kebimbangan berhubung kejadian itu.  Namun, kenyataannya agak sederhana. Azmin dari Perikatan tidak se-â€œberapi politikâ€ seperti Azmin dari Pakatan ketika beliau menjadi Menteri Besar Selangor di bawah gabungan itu.  â€œPakatan sudah memerintah Selangor selama 17 tahun. Saya lihat di media sosial dan WhatsApp ramai yang menyalahkan mereka,â€ kata ahli politik itu, merujuk kepada Pakatan Rakyat (PKR, DAP dan PAS) dan Pakatan Harapan (PKR, DAP, Amanah dan Upko) yang memerintah negeri sejak 2008.  Beliau berkongsi satu video tular dan mesej-mesej yang menyentuh tentang kegagalan sistematik oleh kerajaan negeri dan Persekutuan.  Sebaik sahaja saya tamatkan panggilan WhatsApp itu, Meta â€” pemilik Facebook dan WhatsApp â€” mula memaparkan pelbagai maklum balas negatif terhadap parti dan ahli politik yang memegang kuasa serta kebakaran Putra Heights di laman sosial dan mesej saya. Mungkin kebetulan, atau Meta ""mendengar"" perbualan saya, atau kedua-duanya sekali.  Pengulas di Facebook memberikan komen pedas terhadap usaha kutipan derma dalam talian selama seminggu oleh DAP untuk mangsa tragedi Putra Heights.  â€œPada akhir tempoh ini, semua derma yang dikumpul akan disalurkan kepada mangsa, berdasarkan kategori kerosakan rasmi. Derma ini adalah tambahan kepada bantuan yang diumumkan oleh kerajaan,â€ menurut kenyataan DAP di Facebook.  Namun, komen-komen yang ditinggalkan agak keras. Ramai yang mengingatkan parti itu bahawa mereka kini kerajaan dan sepatutnya membantu mangsa, bukannya meminta derma seperti semasa menjadi pembangkang. Ada juga yang mempersoalkan mengapa kerajaan boleh menderma berjuta-juta kepada negara lain tetapi meminta derma daripada rakyat sendiri bagi bencana dalam negara.  Bagi saya, kesan politik akibat tragedi Putra Heights ini lebih kepada kesilapan sendiri. Walaupun usaha kutipan derma oleh DAP itu mungkin berniat baik, ia tidak memberi gambaran yang bijak dari sudut politik memandangkan parti itu kini memegang kuasa di peringkat negeri dan persekutuan.  Ahli Parlimen Subang, Wong Chen, juga menambah kepada kesan politik yang berpunca daripada dirinya sendiri. Beliau menulis di Facebook bahawa letupan itu â€œTIDAK berlaku dalam Parlimen Subang mahupun DUN Subang Jaya atau DUN Kinraraâ€. Tulisannya memberikan tanggapan bahawa beliau enggan bertanggungjawab terhadap pengundi yang tinggal berhampiran kawasannya.  â€œSebahagian besar kawasan yang terjejas berada dalam Parlimen Kota Raja, dan sebahagian kecil dalam Parlimen Puchong. Maklum balas media sosial YB Mat Sabu, Ahli Parlimen Kota Raja, dan YB Yeo Bee Yin, Ahli Parlimen Puchong, disertakan,â€ tulisnya, merujuk kepada Datuk Seri Mohamad Sabu dari Amanah dan Yeo dari DAP.  Namun, papan tanda berhampiran lokasi letupan menyatakan bahawa Putra Heights berada dalam kawasan Subang Jaya dan di bawah Majlis Bandaraya Subang Jaya.  â€œSelepas ini, sebarang permintaan bantuan daripada mangsa kebakaran hendaklah disalurkan kepada pejabat parlimen Kota Raja dan Puchong,â€ tulis Ahli Parlimen Subang itu lagi.  Sebahagian pengundi tidak berpuas hati dengan kenyataan beliau kerana walaupun mereka tinggal di Putra Heights, mereka mengundi di kawasan Parlimen Subang.  Walaupun terdapat kesilapan sendiri daripada parti dan ahli politik kerajaan, saya tetap merasakan tiada kesan politik yang besar daripada bencana ini.  Namun, ahli politik yang menghubungi saya tidak bersetuju. Beliau menyatakan bahawa beberapa bencana besar di negara lain memberi kesan politik yang besar. Bekas Ahli Parlimen itu menyebut tentang letupan kereta api di Madrid pada 2004, yang mengorbankan 193 nyawa dan mencederakan kira-kira 2,500 orang.  Saya menyemak semula kejadian pengganas itu, yang merupakan antara yang paling dahsyat dalam sejarah Sepanyol.  Satu artikel dalam akhbar The Guardian dari Britain bertajuk â€œPengundi marah jatuhkan kerajaan Sepanyolâ€ pada 15 Mac 2004 melaporkan bahawa â€œPengundi Sepanyol menghukum Parti Rakyat pimpinan Perdana Menteri JosÃ© MarÃ­a Aznar atas pertumpahan darah akibat serangan pengganas di Madrid minggu lalu, menjatuhkan kerajaan dalam satu reaksi marah terhadap cara kerajaan menangani selepas kejadian.â€  â€œDalam satu pilihan raya paling dramatik dalam era pasca-Franco, pengundi menolak parti pemerintah, yang dipercayai cuba menyembunyikan kebenaran mengenai serangan bom kereta api yang dipercayai dilakukan oleh al-Qaeda,â€ lapor artikel itu.  Ahli politik itu juga menyatakan bahawa sesetengah kerajaan disalahkan kerana tindakan menyelamat dan menyelamat yang perlahan atau tidak berkesan. â€œBanjir pun ada kesan politik â€“ kebanyakannya negatif â€“ terhadap ahli politik tempatan,â€ katanya.  Ahli politik dan wartawan pernah menggunakan istilah seperti â€œtsunamiâ€, â€œgempa bumiâ€, â€œruntuhan saljiâ€ dan â€œtanah runtuhâ€ untuk menggambarkan keputusan pilihan raya. Adakah kita akan gunakan â€œinfernoâ€ (neraka api) dalam Pilihan Raya Umum ke-16 nanti?  #ariff1962   https://www.thestar.com.my/opinion/columnists/its-just-politics/2025/04/06/political-fallout-from-disasters  Political fallout from disasters By Philip Golingai It's Just Politics  Sunday, 06 Apr 2025  â€œIS there any political fallout from the Putra Heights gas pipeline blast?â€ a politician asked over the phone on Wednesday.  â€œAs far as what Iâ€™ve monitored, none,â€ I replied.  â€œThe public knows that it is a disaster not connected to politics. I donâ€™t see anyone trying to use it for political mileage,â€ I said of the explosion and fire that took place in the Selangor township.  I also pointed out that current Opposition Perikatan Nasional does not behave like Pakatan Harapan did when it opposed the government. Before it came into power, Pakatan could make any issue politically radioactive. Take, for example, how the coalition opposed Australian rare earth mining firm Lynas Corporation continuing its operations in Malaysia.  â€œPerikatan, for whatever reason, is not as good as Pakatan in making the government look bad,â€ I said.  Some might disagree with my assessment, especially regarding the 3R (race, religion, and royalty) issues.  I did note that Selangor Perikatan chairman Datuk Seri Mohamed Azmin Ali had urged the state government to review all development projects near the gas pipeline in Putra Heights. Azmin has also called for an independent, thorough, and transparent investigation to address concerns surrounding the incident.  But his statement was mild. Azmin of Perikatan is not as â€œpolitically radioactiveâ€ as Azmin of Pakatan when he was Selangor mentri besar under the coalition.  â€œPakatan has been in control of Selangor for 17 years. I see on social media and WhatsApp that people are blaming them,â€ said the politician, referring to Pakatan Rakyat (consisting of PKR, DAP, and PAS) and Pakatan Harapan (PKR, DAP, Amanah, and Upko), which has ruled the state since 2008.  He shared a viral video and messages about systematic failure by the state and federal governments.  When I ended the WhatsApp call, Meta, the owner of Facebook and WhatsApp, started populating my social media and messaging feeds with negative feedback on political parties and politicians in power and the Putra Heights inferno. It might have been a coincidence, or Meta was â€œlisteningâ€ to my conversation on its platforms, or both.  Facebook commentators posted negative remarks about DAPâ€™s one-week online donation drive for the victims in the Putra Heights disaster.  â€œAt the end of this period, all collected donations will be distributed to the victims, with the amount determined based on the official damage categories. This donation is in addition to the assistance announced by the government,â€ DAP stated on Facebook.  Some comments on the DAP FB page were brutal. Many reminded the party that it is the government and should be helping the victims rather than asking for donations as it did when it was in the Opposition. Other commentators questioned why the government could donate millions to other countries but asked for donations from its rakyat for a domestic disaster.  It seemed to me that the political fallout from the Putra Heights inferno has been largely self-inflicted. While DAPâ€™s donation drive might have been well- meaning, it did not make political sense now that the party is in power in the state and federal governments.  Subang MP Wong Chen also self-inflicted some fallout. The PKR politician posted on Face-book that the blast â€œDID NOT occur in Parliament Subang nor in DUN [state seat] Subang Jaya or DUN Kinraraâ€. His post gave me the impression that he did not want to have to be concerned about voters living in constituencies adjacent to his parliamentary seat.  â€œA large part of the area affected is in Parliament Kota Raja, a small portion is in Parliament Puchong. The social media responses of YB Mat Sabu, MP for Kota Raja, and YB Yeo Bee Yin, MP for Puchong, are attached,â€ he wrote, referring to Amanah MP for Kota Raja Datuk Seri Mohamad Sabu and DAP MP for Puchong Yeo.  However, a signboard near the blast site states that Putra Heights is in Subang Jaya and under the Subang Jaya City Council.  â€œGoing forward, any request for assistance from victims of the fire should be directed to the parliamentary offices of Kota Raja and Puchong,â€ the Subang MP wrote.  Some voters were not happy with his post, as even though they live in Putra Heights, they vote in the Subang parliamentary constituency.  Despite the self-inflicted political wounds by government parties and politicians, I still donâ€™t think there will be political fallout from this disaster.  However, the politician who contacted me disagreed. He asserted that some major disasters in other countries had wide-reaching political consequences. The former MP mentioned the train explosions in Madrid in 2004, which killed 193 people and injured around 2,500.  I looked up the terrorist attack, which is one of the deadliest in Spainâ€™s history.  An article in Britainâ€™s Guardian newspaper with the headline, â€œFurious voters oust Spanish governmentâ€ on March 15, 2004, reported that â€œSpanish voters punished Prime Minister JosÃ© MarÃ­a Aznarâ€™s Peopleâ€™s party for the bloodshed of last weekâ€™s Madrid terrorist attacks yesterday, throwing it out of government in an angry reaction to his handling of the aftermath.  â€œIn one of the most dramatic elections of the post-Franco era, voters turned on the ruling party, convinced that the multiple bomb attack on Madridâ€™s packed commuter trains had been carried out by al-Qaeda and with a growing sense that the Peopleâ€™s Party had tried to hide the truth,â€ it reported.  The politician also pointed out that some governments are blamed for slow or ineffective search and rescue efforts. â€œEven floods [in Malaysia] have political consequences â€“ mostly bad â€“ for local politicians,â€ he said.  Politicians and journalists have used words such as â€œtsunamiâ€, â€œearthquakeâ€, â€œavalancheâ€ and â€œlandslideâ€ to describe election results. Will we use inferno in the 16th General Election?",1743906189,4,12,Mohammad Ariffin Khan,,https://scontent.fppb1-1.fna.fbcdn.net/v/t39.30808-1/474023307_1266933951029739_5690195426360636749_n.jpg?stp=c18.0.1168.1168a_cp0_dst-jpg_s80x80_tt6&_nc_cat=103&ccb=1-7&_nc_sid=1d2534&_nc_ohc=gQcG2HcxnuIQ7kNvwFBpCQ9&_nc_oc=AdnVQcyrJdqrF1VOGHlNmYltPX3yNvpo0KwIep0WJIeTZSehuuLiVjK2CXpFh1z-4Ls&_nc_zt=24&_nc_ht=scontent.fppb1-1.fna&_nc_gid=tQcX0Eys6EHN550hoXrozg&oh=00_AfEpt8Yhn8Dw_dc0JOA2u0w-_bcRC2-dafcIrA5xVbmO6w&oe=681BA246,,,12,0,0,0,0,0
2389395628126914,post,"ğ”ğ©ğğšğ­ğ ğ›ğšğ§ğ£ğ¢ğ« ğ‰ğšğ¥ğšğ§ ğ¦ğğ§ğ®ğ£ğ® ğ¤ğ ğ‰ğšğ¦ğ›ğšğ­ğšğ§ ğğ¢ğ§ğšğ¢ ğ¤ğğğ®ğš-ğğ®ğš ğ¬ğ®ğ§ğ ğšğ¢ ğ¦ğğ¥ğ¢ğ¦ğ©ğšğ¡ ğğ¢ ğ£ğšğ¥ğšğ§ ğ«ğšğ²ğš ğ›ğğ¬ğšğ« ğ¬ğ®ğğšğ¡.ğ“ğğ«ğ©ğšğ¤ğ¬ğš ğ¤ğğ«ğğ­ğš ğ«ğğğšğ¡ ğ¬ğšğ£ğš,ğšğ¢ğ« ğ›ğšğ§ğ£ğ¢ğ« ğ©ğ®ğ§ ğœğğ©ğšğ­ ğ§ğšğ¢ğ¤ğŸ˜¨ #banjir  #redahbanjir  #highlight #tenomsabah  #trendingnews",1746255167,50,75,Wellby Emity,,https://scontent.faju5-1.fna.fbcdn.net/v/t39.30808-1/426378644_2053581331708347_5377798501535640436_n.jpg?stp=cp0_dst-jpg_s80x80_tt6&_nc_cat=106&ccb=1-7&_nc_sid=1d2534&_nc_ohc=cyxrAlXQ2esQ7kNvwE_7ULy&_nc_oc=AdnClSHEd-AK0qAcv4nfiTSOA4PQpUALDwLQdre7JWRwU2llbkUr-zwrlqQE1GBm7gE&_nc_zt=24&_nc_ht=scontent.faju5-1.fna&_nc_gid=tdDfjNPUWlaVXHIVR0d3zQ&oh=00_AfHcnDMFdf_M4M9vZbclVNebc2FuyhoZndCFG-hWSCldNw&oe=681BA913,,,67,0,2,0,0,6
9619204801493684,post,Kondisi banjir desa sei dua hulu hari ini 3 mei 2025 #vod #jangkauanluas #banjir,1746257765,3,21,Raju Sahwinal,,https://scontent.faju5-1.fna.fbcdn.net/v/t39.30808-1/447236317_7595321777215340_3959122036869150874_n.jpg?stp=cp0_dst-jpg_p80x80_tt6&_nc_cat=100&ccb=1-7&_nc_sid=1d2534&_nc_ohc=Ww5z9nfjCV0Q7kNvwET7Drb&_nc_oc=Adl0xwQZ_sNIbXwZGKKTzqfPIdle4AYh2vKK6lE1oQqOUyJvNFQGgexkk7i3CejmgBk&_nc_zt=24&_nc_ht=scontent.faju5-1.fna&_nc_gid=tdDfjNPUWlaVXHIVR0d3zQ&oh=00_AfFbwyHop-gACLLMHkKwDDwM7-L09SHkGr05D58Oj86qog&oe=681BB8B0,,,21,0,0,0,0,0
1114353947399245,post,"This video submitted by Janai Craft captured a Caddo school bus floating through floodwater on Youree Drive. Thankfully, the bus driver and student on board were rescued. â£ https://tinyurl.com/5cs5593f",1746229774,181,1019,KSLA News 12,,https://scontent.faju5-1.fna.fbcdn.net/v/t39.30808-1/341542029_250039357410911_9021644835225848683_n.png?stp=cp0_dst-png_s80x80&_nc_cat=1&ccb=1-7&_nc_sid=2d3e12&_nc_ohc=q32oSZpssjIQ7kNvwEabJyb&_nc_oc=Adl7uJ6u535Jr6LCVyEvQwOzoY49U9Bhfb4zDyO2fd4LMwbuwOpazVlYs7H9eJBFP3o&_nc_zt=24&_nc_ht=scontent.faju5-1.fna&_nc_gid=tdDfjNPUWlaVXHIVR0d3zQ&oh=00_AfHRaWbhlTJg0YwSJ7ecttO1oKIaBZmGXeQS810NXLXlMQ&oe=681BAB16,,,411,9,32,0,5,518
1912872472815262,post,Manado siaga banjir.,1746102576,11,54,Om Alo,,https://scontent.fccs5-1.fna.fbcdn.net/v/t39.30808-1/487301956_1884038952365281_2670312784047576488_n.jpg?stp=cp0_dst-jpg_s80x80_tt6&_nc_cat=102&ccb=1-7&_nc_sid=1d2534&_nc_ohc=v5_Irx0NtgkQ7kNvwEuc5Ih&_nc_oc=AdksVU0qeLjr8YWo0tGdTftMcqqSJq3jvMar8zfgU9A_ZM5wFMnA9dxO6w6cA3ExJ6s&_nc_zt=24&_nc_ht=scontent.fccs5-1.fna&_nc_gid=qT1gfCUD4M0ZOyztmWThog&oh=00_AfGbxIMqe4-kVDROBq8krRtD-IqM3E_ivhxUxL0C6ikPWA&oe=681B95D7,,,33,0,1,0,0,10
695284696392167,post,Semoga Kita semua dalam lindungan Allah ğŸ¤²  Ya Allah lindungilah kami. banjir ini hari lebih para dari bulan laluğŸ˜­ğŸ˜­ğŸ˜­,1746198950,4,21,Saharia Ria,,https://scontent.fccs5-1.fna.fbcdn.net/v/t39.30808-1/481504714_646480814605889_7213722313925175483_n.jpg?stp=c0.58.672.670a_cp0_dst-jpg_s80x80_tt6&_nc_cat=101&ccb=1-7&_nc_sid=1d2534&_nc_ohc=Ryr82psFpYgQ7kNvwFAnBdS&_nc_oc=Adn2rDuq_pEe9NgG8sIzqdGUb1mlBPiNwFB2X3H0Ua090Wc8N3Z5Q2W-9jez5fdJvQw&_nc_zt=24&_nc_ht=scontent.fccs5-1.fna&_nc_gid=qT1gfCUD4M0ZOyztmWThog&oh=00_AfHJmvRrv8Mg87eNfSk_TekeLpb7Z6fXZSn9-l03tQWZkg&oe=681BAB7D,,,10,0,8,0,0,0
1231371975251246,post,"Update Lagi perkembangan banjir.kena banjir suda kedai papan lama Bfort..betul la balik2 banjir suda ni Beaufort..sebulan sekali mesti banjir ğŸ˜“ Hujan pun masi lagi belum berhenti tdi tadi petang,tambah la naik lagi banjir ni.hati2 kmu semua yg terjejas banjirğŸ™ğŸ»  #phototext #beaufortbanjir #jangkauanluas",1746195269,41,71,Hetty Haiman,,https://scontent.fccs5-1.fna.fbcdn.net/v/t39.30808-1/473065369_1146490353739409_3909674777548502624_n.jpg?stp=cp0_dst-jpg_p80x80_tt6&_nc_cat=111&ccb=1-7&_nc_sid=1d2534&_nc_ohc=orQknGjtVUsQ7kNvwFdkkAs&_nc_oc=AdmGdHLJ6mS3k9vv-WgCr7Ea2PMmURGz9CtW-pO0P-27U-Ep1Uvav4z_AxKJpMLZyFo&_nc_zt=24&_nc_ht=scontent.fccs5-1.fna&_nc_gid=qT1gfCUD4M0ZOyztmWThog&oh=00_AfGYGCTGMFIkyVN114tTvlHpOvzMfcmPAuBmQya2PFX86w&oe=681B9161,,,64,0,3,0,0,0
695284696392167,post,Semoga Kita semua dalam lindungan Allah ğŸ¤²  Ya Allah lindungilah kami. banjir ini hari lebih para dari bulan laluğŸ˜­ğŸ˜­ğŸ˜­,1746198950,4,21,Saharia Ria,,https://scontent-doh1-1.xx.fbcdn.net/v/t39.30808-1/481504714_646480814605889_7213722313925175483_n.jpg?stp=c0.58.672.670a_cp0_dst-jpg_s80x80_tt6&_nc_cat=101&ccb=1-7&_nc_sid=1d2534&_nc_ohc=Ryr82psFpYgQ7kNvwG0XMNa&_nc_oc=AdkeCYZOEUyEAEjY61wZAiNsAl_zmvLmUr07CANQ6lE_k8OZqNjIYwCfSXtD1sdajDQ&_nc_zt=24&_nc_ht=scontent-doh1-1.xx&_nc_gid=Jp9kDk5sdlnACt1RN4H62Q&oh=00_AfG813FKgK04vlqrgy7rE3Z-96PUd4TPBIL4l01xGE8ZrA&oe=681BAB7D,,,10,0,8,0,0,0
122132799860413358,post,Air masih lagi besar. Kesian yang terkesan sebelah bahagian bawah ini.#banjir,1746238853,39,44,Martha Mar,,https://scontent-doh1-1.xx.fbcdn.net/v/t39.30808-1/452434696_122102512454413358_944784080473179221_n.jpg?stp=cp0_dst-jpg_s80x80_tt6&_nc_cat=109&ccb=1-7&_nc_sid=1d2534&_nc_ohc=unFxYgoQGC4Q7kNvwFZg6ye&_nc_oc=AdkdeBPdPATZY7wT3mUOVvuPsdTvN4NoplYaRPCFx7O6x-6xDV3DXfM4ObrKCQk36_8&_nc_zt=24&_nc_ht=scontent-doh1-1.xx&_nc_gid=Jp9kDk5sdlnACt1RN4H62Q&oh=00_AfEzWEyY9wBLAL7O6NCwi-tVd3hwqA4wGaKQAStrx3_vIg&oe=681BA089,,,38,2,0,0,0,4
1719396832015922,post,Banjir dan beaufort berpisah tiada  Ini baru permulaan ini mau naik lagi airnya Kemas2 dulu barang  Nanti baru update balik #banjir #beaufort,1746237864,18,44,Cyuu Fidelina,,https://scontent-doh1-1.xx.fbcdn.net/v/t1.6435-1/152339328_774302659858682_1070637899803001072_n.jpg?stp=cp0_dst-jpg_s80x80_tt6&_nc_cat=103&ccb=1-7&_nc_sid=1d2534&_nc_ohc=lYWJj0IwBX4Q7kNvwGJ-pqr&_nc_oc=AdkSi8iGATzBCo8i6l7NJR-CqI-C_IfPP2dLDTEpJk9ofNzqGBH4CssZ2GaBxUYGdQ0&_nc_zt=24&_nc_ht=scontent-doh1-1.xx&_nc_gid=Jp9kDk5sdlnACt1RN4H62Q&oh=00_AfFbyxPDkdpxP_Z8bhj9qt_DEWxVwKaJXAEoHVkm4ZoHww&oe=683D39AB,,,33,0,1,0,1,9
10227239131794468,post,#fyp #banjirsabah #beaufort #sabtu03.2025,1746255692,8,4,Kechil Gerha,,https://scontent.ftuc1-1.fna.fbcdn.net/v/t39.30808-1/466380353_10225686912029944_2609096896139171473_n.jpg?stp=cp0_dst-jpg_s80x80_tt6&_nc_cat=104&ccb=1-7&_nc_sid=1d2534&_nc_ohc=IKF9jYEgcd0Q7kNvwHC5uBT&_nc_oc=AdkQwFLmELLTtQOu_wUkhDy9xao6lf8jsBy_kGuq5LtI6VxrktbssqJwghjlSTkzfMY&_nc_zt=24&_nc_ht=scontent.ftuc1-1.fna&_nc_gid=KSY_Ag1CHUr6u7eS1G1qtQ&oh=00_AfH0mwYjBbnrI26aj3oCJTmbwG6LfWDzb-JbiZGk306wdg&oe=681BADF6,,,4,0,0,0,0,0
689653676892874,post,"ğˆğğ…ğ ğ’ğ„ğŒğ€ğ’ğ€ ğ‹ğ€ğğğ‘ğ€ğ ğğ„ğğ‚ğ€ğğ€ (ğŸ‘ ğŒğ„ğˆ ğŸğŸğŸğŸ“)  ğğ€ğğ‰ğˆğ‘  Punca : Hujan lebat berterusan Daerah : Beaufort Nama Jalan : J. Luagan, J. Lumatai, J. Binunuk, J. Balibata  CH / KM : 0.120 - 2.700, 0.800 - 0.900, 1.950 - 2.050, 0.010 - 0.800  Tindakan awalan: Memasang papan tanda amaran  ğ’ğ­ğšğ­ğ®ğ¬ ğ‹ğšğ¥ğ®ğšğ§ & ğ‰ğšğ¥ğšğ§ ğ€ğ¥ğ­ğğ«ğ§ğšğ­ğ¢ğŸ : J. Luagan ( 0.120 - 2.700 ) : Boleh dilalui & Tiada jalan alternatif  J. Lumatai ( 0.120 - 2.700 ) : Boleh dilalui & J. Jh Akhbar Khan (Jalan Alternatif)  J. Binunuk ( 0.800 - 0.900 ) : Boleh dilalui oleh kenderaan tinggi sahaja & Tiada jalan alternatif  J. Binunuk ( 1.950 - 2.050 ) : Tidak boleh dilalui & Tiada jalan alternatif  J. Balibata ( 0.010 - 0.800 ) : Tidak boleh dilalui & Tiada jalan alternatif",1746247478,0,139,Jabatan Kerja Raya Sabah,,https://scontent.ftuc1-1.fna.fbcdn.net/v/t39.30808-1/253638857_101343012387354_3126421558566011521_n.png?stp=cp0_dst-png_s80x80&_nc_cat=107&ccb=1-7&_nc_sid=2d3e12&_nc_ohc=HzlKMshhaJwQ7kNvwF0muij&_nc_oc=AdkTk6JARuU6gpAtp1TZRseztiA44HKaaMam89r2RIQovDcBnimx8i_q8s4QRpCahjI&_nc_zt=24&_nc_ht=scontent.ftuc1-1.fna&_nc_gid=KSY_Ag1CHUr6u7eS1G1qtQ&oh=00_AfFBlEMqzvQo26hbiwEmdbEHEp_Zl046LMs03zsreLiU0Q&oe=681B8A7E,,,136,0,3,0,0,0
1211747350454027,post,Banjir Update terkini jam 11:10pm..ada siapa2 tahu keadaan di empangan pangi kah?info2 dulu,1746199590,18,165,Nadzriq Ncot Harith Ncot'MobileHome,,https://scontent.ftuc1-1.fna.fbcdn.net/v/t39.30808-1/454588259_8900611799969256_6612722841140354503_n.jpg?stp=cp6_dst-jpg_s48x48_tt6&_nc_cat=104&ccb=1-7&_nc_sid=1d2534&_nc_ohc=X8wNuSqcErcQ7kNvwE6OX72&_nc_oc=AdkuNTBEu3WezGC3ZdcSXMLBIJiU0lI0A8vojw2CKQvsBPUzR32KVGaOaCQMeReytLI&_nc_zt=24&_nc_ht=scontent.ftuc1-1.fna&_nc_gid=KSY_Ag1CHUr6u7eS1G1qtQ&oh=00_AfF6cYey2PEZL2KPAghhTKakZDjd0_6DY3uCq0b3z3mESg&oe=681B9332,,,143,0,18,0,0,2
1123405366496919,post,"EXTREME FLOODING: Hours of heavy rain throughout the TN Valley has brought massive flooding to several areas -- including the new 7/11 gas station in Hixson, off Hwy 153.   Local 3 viewers shared this video of the flood waters halfway up cars in the parking lot.",1746232927,27,275,Local 3 News,,https://scontent.fsxo1-1.fna.fbcdn.net/v/t39.30808-1/271666245_10160165131294345_3199539079920975655_n.jpg?stp=cp0_dst-jpg_s80x80_tt6&_nc_cat=1&ccb=1-7&_nc_sid=2d3e12&_nc_ohc=dpqulqZv8bcQ7kNvwFmnY4m&_nc_oc=AdkFExlqUL18LSDFCh5uOs_G5FPHop1ea0XZA4QIebyq1pfkP0bBAE_MXTUKOPh-QA0&_nc_zt=24&_nc_ht=scontent.fsxo1-1.fna&_nc_gid=7ABy2RYou4UsNUcUrPVlBg&oh=00_AfEgytCDrTTobyQJhQKQQtYpksdRnzP2cl3DTY0udEWF-g&oe=681B9CFF,,,210,1,2,0,2,53
1421601208850248,post,Banjir lagi..sungai sook mengganas lagi ni kali..,1746202418,1,47,Benn Rudolf,,https://scontent.fsxo1-1.fna.fbcdn.net/v/t39.30808-1/475700173_1356377285372641_4745102832917326411_n.jpg?stp=cp0_dst-jpg_p80x80_tt6&_nc_cat=108&ccb=1-7&_nc_sid=1d2534&_nc_ohc=Bm6STqsuP5UQ7kNvwFlXh5a&_nc_oc=AdlTLVd1mCj3jBE0aELzSf85JI1SBITJXZ_CTiiriiAfWcdvFo1GvaB04jRO-TsWuxo&_nc_zt=24&_nc_ht=scontent.fsxo1-1.fna&_nc_gid=7ABy2RYou4UsNUcUrPVlBg&oh=00_AfESLMwwLdUR_3J1NpxBX8fMGWhwkbJEI84d65IWLLcl3A&oe=681B8A63,,,41,0,3,0,0,3
3079261022243253,post,Sudah jam 2 subuh masih di sini ba jaga air biar nda masuk kamar belakangğŸ¥ºğŸ¥ºğŸ¥ºğŸ¥ºğŸ¥º  #Banjir #Cuacaburuk,1746208754,67,45,Wawu Eflin Takapaha,,https://scontent.fsxo1-1.fna.fbcdn.net/v/t39.30808-1/449703018_2796578967178128_7355372029893708434_n.jpg?stp=cp0_dst-jpg_s80x80_tt6&_nc_cat=106&ccb=1-7&_nc_sid=1d2534&_nc_ohc=c2jvHIIIf-4Q7kNvwGXgA8A&_nc_oc=Admpb79BSd4zetwcHkj6eb6Lwqsnm5hOvq6Z2Noc4tJsR1YUcYL-zKhExnxvgoPuOmo&_nc_zt=24&_nc_ht=scontent.fsxo1-1.fna&_nc_gid=7ABy2RYou4UsNUcUrPVlBg&oh=00_AfGohxeQYhTlAI7Qc8yu34G8sjWO6Fl2oOinPuh8jzpbgA&oe=681BB8FB,,,37,1,6,0,0,0
2967224863465907,post,Mohon perhatian dang qt p anak pe tampa kost so banjir padahal ujang di manado nda talalu lama kong kuala di dekat kost pe aer so nae.. jadi dorang di lt1 so lari ke Lt2 karena aer so sampe di bahu orang dewasa..padahal di Lt 1 Ibu kost pe ruangan kong ada anak balita 2 orang le kasiang..boleh bantuan dari pemerintah setempat untuk melihat keadaan ini..tidak tau air dari mana ada turun..padahal waktu bulan Maret ada ujang amper 1 minggu mar nda sampe jadi begini.. Lokasi : Jalan Pramuka dekat sekolah SD Negeri 67 Manado dan sekolah SMA N 1 Manado..Di kecamatan Sario Utara,1746105937,161,467,Lishe Putry,,https://scontent-scl2-1.xx.fbcdn.net/v/t39.30808-1/363778042_7341157395911386_4457626772556424543_n.jpg?stp=c0.10.944.940a_cp0_dst-jpg_s48x48_tt6&_nc_cat=104&ccb=1-7&_nc_sid=1d2534&_nc_ohc=kU5sCeaGHaIQ7kNvwGl7lFe&_nc_oc=AdlUj4-cyLd5b3qxOd3GU_oXa3yb779UxqNcoFHw-VOC7aCswS5wNRzbY8dFrZENMro&_nc_zt=24&_nc_ht=scontent-scl2-1.xx&_nc_gid=fRReZMK6M1LzGn03yhh-4w&oh=00_AfH0nk-Fyltmca67GnHdhtWdT_4upGAQh20w8j2mm-jZ3g&oe=681B86EE,,,342,2,9,0,0,12
1421601208850248,post,Banjir lagi..sungai sook mengganas lagi ni kali..,1746202418,1,47,Benn Rudolf,,https://scontent-scl2-1.xx.fbcdn.net/v/t39.30808-1/475700173_1356377285372641_4745102832917326411_n.jpg?stp=cp0_dst-jpg_p80x80_tt6&_nc_cat=108&ccb=1-7&_nc_sid=1d2534&_nc_ohc=Bm6STqsuP5UQ7kNvwFDdA0W&_nc_oc=Admmj-Z3SLiiKBh_aU3qak8w4sqqMd4l2JOg2L3l72MShslpgvQVQKgnEeej9YrLntk&_nc_zt=24&_nc_ht=scontent-scl2-1.xx&_nc_gid=fRReZMK6M1LzGn03yhh-4w&oh=00_AfGKUo-kKsUxd5GhGKne5ItxoUpW0bhYKNThHxEMeGi5Xg&oe=681B8A63,,,41,0,3,0,0,3
1376517770162783,post,Bukan Keningau la klw tdk selalu kena banjir,1746239462,0,2,Hastrina Rosman,,https://scontent-scl2-1.xx.fbcdn.net/v/t39.30808-1/404631184_1043947390086491_8843072089000246224_n.jpg?stp=cp0_dst-jpg_s80x80_tt6&_nc_cat=104&ccb=1-7&_nc_sid=e99d92&_nc_ohc=S_l-IcSccy8Q7kNvwGo_KR1&_nc_oc=AdkYc8sV9Pn1fiKZrBhEuqv8akaUMUO-hgAZqPxZEgjSO51sujSk9pirnhZ7p4gZNV4&_nc_zt=24&_nc_ht=scontent-scl2-1.xx&_nc_gid=fRReZMK6M1LzGn03yhh-4w&oh=00_AfHDzgj8b5KxI3QU3O9Ef8KUxiCTcbWbfMX7K9XEnVEkDg&oe=681B85A7,,,1,0,0,0,0,1
689653676892874,post,"ğˆğğ…ğ ğ’ğ„ğŒğ€ğ’ğ€ ğ‹ğ€ğğğ‘ğ€ğ ğğ„ğğ‚ğ€ğğ€ (ğŸ‘ ğŒğ„ğˆ ğŸğŸğŸğŸ“)  ğğ€ğğ‰ğˆğ‘  Punca : Hujan lebat berterusan Daerah : Beaufort Nama Jalan : J. Luagan, J. Lumatai, J. Binunuk, J. Balibata  CH / KM : 0.120 - 2.700, 0.800 - 0.900, 1.950 - 2.050, 0.010 - 0.800  Tindakan awalan: Memasang papan tanda amaran  ğ’ğ­ğšğ­ğ®ğ¬ ğ‹ğšğ¥ğ®ğšğ§ & ğ‰ğšğ¥ğšğ§ ğ€ğ¥ğ­ğğ«ğ§ğšğ­ğ¢ğŸ : J. Luagan ( 0.120 - 2.700 ) : Boleh dilalui & Tiada jalan alternatif  J. Lumatai ( 0.120 - 2.700 ) : Boleh dilalui & J. Jh Akhbar Khan (Jalan Alternatif)  J. Binunuk ( 0.800 - 0.900 ) : Boleh dilalui oleh kenderaan tinggi sahaja & Tiada jalan alternatif  J. Binunuk ( 1.950 - 2.050 ) : Tidak boleh dilalui & Tiada jalan alternatif  J. Balibata ( 0.010 - 0.800 ) : Tidak boleh dilalui & Tiada jalan alternatif",1746247478,0,139,Jabatan Kerja Raya Sabah,,https://scontent.fcxj4-1.fna.fbcdn.net/v/t39.30808-1/253638857_101343012387354_3126421558566011521_n.png?stp=cp0_dst-png_s80x80&_nc_cat=107&ccb=1-7&_nc_sid=2d3e12&_nc_ohc=HzlKMshhaJwQ7kNvwGXd2mB&_nc_oc=AdmC7zJ69paVSkAAtXwia0LVBP3R9mRs49MRpF2DzXyD4R6JG61Qf12bMgNBXPhNGss&_nc_zt=24&_nc_ht=scontent.fcxj4-1.fna&_nc_gid=JQPWSAvEU0-eVbDoKk2i5Q&oh=00_AfHe4eQ6BwCM2DvK5J5Hxai0UJZRZCITNNGCR54EtSJTYg&oe=681B8A7E,,,136,0,3,0,0,0
2967224863465907,post,Mohon perhatian dang qt p anak pe tampa kost so banjir padahal ujang di manado nda talalu lama kong kuala di dekat kost pe aer so nae.. jadi dorang di lt1 so lari ke Lt2 karena aer so sampe di bahu orang dewasa..padahal di Lt 1 Ibu kost pe ruangan kong ada anak balita 2 orang le kasiang..boleh bantuan dari pemerintah setempat untuk melihat keadaan ini..tidak tau air dari mana ada turun..padahal waktu bulan Maret ada ujang amper 1 minggu mar nda sampe jadi begini.. Lokasi : Jalan Pramuka dekat sekolah SD Negeri 67 Manado dan sekolah SMA N 1 Manado..Di kecamatan Sario Utara,1746105937,161,467,Lishe Putry,,https://scontent.fcxj4-1.fna.fbcdn.net/v/t39.30808-1/363778042_7341157395911386_4457626772556424543_n.jpg?stp=c0.10.944.940a_cp0_dst-jpg_s48x48_tt6&_nc_cat=104&ccb=1-7&_nc_sid=1d2534&_nc_ohc=kU5sCeaGHaIQ7kNvwFyd5Ji&_nc_oc=AdkVOqXBYWs-6RnODnPTQtF1AK3WW3b0l-N6ZqN8ozdqDzO9OutpnB5htIypSNaD8zo&_nc_zt=24&_nc_ht=scontent.fcxj4-1.fna&_nc_gid=JQPWSAvEU0-eVbDoKk2i5Q&oh=00_AfFqe8pfKnsvJ3NoJrm-SwaEmVsks4gmtpj0uFHPF2MIGw&oe=681B86EE,,,342,2,9,0,0,12
9983069528443475,post,Tak ada bencana aktivitas merusak hulu tetap berjalan!,1746255924,0,2,Yusuf Gerhana,,https://scontent.fcxj4-1.fna.fbcdn.net/v/t39.30808-1/404624911_7111535325596924_7577680452407558921_n.jpg?stp=c14.7.1338.1338a_cp0_dst-jpg_s80x80_tt6&_nc_cat=101&ccb=1-7&_nc_sid=1d2534&_nc_ohc=_1QUXxYn2KsQ7kNvwE336xW&_nc_oc=AdnBG_FiEWPgo_FT_SP1iYjgZKUWZLqxgw5fzH0iVxOKJXA3Vob0MQ2LIUaWH2cHvCU&_nc_zt=24&_nc_ht=scontent.fcxj4-1.fna&_nc_gid=JQPWSAvEU0-eVbDoKk2i5Q&oh=00_AfFIt3nmMyoskk6zuXaVfbuohoNaSK6OtJQd4A7YLwipBQ&oe=681B938B,,,1,1,0,0,0,0
1476238276688800,post,Pejabat tadbir kerajaan negeri sabah dilanda banjirâ€¦bikin malu kumpulan opis ketua menteri bha bole paip bocor uina jgn juga bikin malu bha..oii hajiji kasi bgus bha itu paip bikin malu sja ko iniâ€¦ #tolakhajiji #tolakgrs,1746007842,18,39,Laporte Lacoste,,https://scontent.fgye4-1.fna.fbcdn.net/v/t39.30808-1/469161180_1370474437265185_3329869648012578381_n.jpg?stp=cp0_dst-jpg_s80x80_tt6&_nc_cat=110&ccb=1-7&_nc_sid=e99d92&_nc_ohc=o88AuTPEuDgQ7kNvwEwB4gP&_nc_oc=AdlXyZ3dgUAKd0W8HLnUcaDPrHCDUvMpCw3aKuOvSHl0avHcuZITqZtpy-leqBcPmHI&_nc_zt=24&_nc_ht=scontent.fgye4-1.fna&_nc_gid=X_lTa9_540NFVb5tosChfA&oh=00_AfFVo7OMXXi8xB9rzi0fZrLBMEN-1GCnkGC2n-pFAmUq4g&oe=681BB895,,,20,0,0,0,14,5
708114381789153,post,"03/05/2025: Jambatan Karamatoi Sook tidak dapat dilalui, besar air gaiss. Besar air sungai sook. Daerah Kecil Sook pun banjir ya gais.. Hati-hati semuağŸ«¶ #terkini #banjir #sabah #staysafe",1746231892,10,54,Lorina Stani,,https://scontent.fgye4-1.fna.fbcdn.net/v/t39.30808-1/482214474_665487859385139_6351802939405130540_n.jpg?stp=cp0_dst-jpg_s80x80_tt6&_nc_cat=111&ccb=1-7&_nc_sid=1d2534&_nc_ohc=s7ysgev65o4Q7kNvwFPkICs&_nc_oc=AdlprQRfDiFJjMUXbQz5giTLxoEAZ0ioPNdJbkTDTmz4sapM_8NOnBneDfwwcVV1qGw&_nc_zt=24&_nc_ht=scontent.fgye4-1.fna&_nc_gid=X_lTa9_540NFVb5tosChfA&oh=00_AfFTLHgbNgvTyI9CqO-dZUVIXaopeg8-0fJfRwkJmkSkuw&oe=681BA889,,,49,0,0,0,1,3
9739573439415115,post,Stesen keretapi pun kena banjir sudahğŸ¥º #fyp  #reels  #banjir,1746227485,51,282,Theresa Baratus,,https://scontent.fgye4-1.fna.fbcdn.net/v/t39.30808-1/457259411_8158255950880213_9093617136091601932_n.jpg?stp=c0.0.1581.1581a_cp0_dst-jpg_s80x80_tt6&_nc_cat=106&ccb=1-7&_nc_sid=1d2534&_nc_ohc=BMvRn2fzjGoQ7kNvwGZhOO3&_nc_oc=AdlpU46OYDtheAZQiW5P9ZkY4dusbMFAFFjH1eEru9nheW40CLX8eSd0uHlxqA7StUU&_nc_zt=24&_nc_ht=scontent.fgye4-1.fna&_nc_gid=X_lTa9_540NFVb5tosChfA&oh=00_AfHWbAj27gQqaz5DM0bI9jE7Jh-frfIbyYpAxSVMm4--EA&oe=681B867B,,,255,0,20,0,0,6
9466661533430973,post,Jalan di Kampung Simboh banjir lagi!! Semua gara2 culvert yg kecik dah tersumbat. Sampai bila nak hadap benda ni ğŸ˜“   Mendam asong oh kris ğŸ’”,1746178072,34,76,Erida Jerry,,https://scontent.fssa10-1.fna.fbcdn.net/v/t39.30808-1/448020580_7477828358980977_5313601895598894539_n.jpg?stp=cp6_dst-jpg_s80x80_tt6&_nc_cat=101&ccb=1-7&_nc_sid=e99d92&_nc_ohc=khpE4NPGYaQQ7kNvwEy5qf8&_nc_oc=AdnHan3bjqenn7_KoITE0tNmbOaPD1jOTb_jvEJcP40wUeeLH6YGXuJ_THTQDBxA5GQ&_nc_zt=24&_nc_ht=scontent.fssa10-1.fna&_nc_gid=vMhTP_EkwUa-HQ-NCg99MQ&oh=00_AfG8G_QAG4DGOXps05EuRz1KIoMjJaYVywkXMliAtImuIA&oe=681BBC58,,,67,0,4,0,0,5
2291041547979294,post,Cameron highland banjir.. hati-hati geng,1746186338,12,99,Kereta Tolak,,https://scontent.fssa10-1.fna.fbcdn.net/v/t39.30808-1/271137201_3194202497572116_4779402392243171895_n.jpg?stp=cp0_dst-jpg_s48x48_tt6&_nc_cat=109&ccb=1-7&_nc_sid=e99d92&_nc_ohc=1LStZxunhYwQ7kNvwER8rTG&_nc_oc=AdlDaatc29xzDjW3vPaiaDFttHJMM7kfEV3spKpIhiejUeBLy6XTycI-o3p2vAztQb4&_nc_zt=24&_nc_ht=scontent.fssa10-1.fna&_nc_gid=vMhTP_EkwUa-HQ-NCg99MQ&oh=00_AfH5VOmLkK4ON6F4JkkTv1RD47X5FNEv2TcuxgnXeZ93Zg&oe=681B968B,,,79,1,2,0,5,12
689531010238474,post,ğˆğğ…ğ ğ’ğ„ğŒğ€ğ’ğ€ ğ‹ğ€ğğğ‘ğ€ğ ğğ„ğğ‚ğ€ğğ€ (ğŸ‘ ğŒğ„ğˆ ğŸğŸğŸğŸ“)  ğğ€ğğ‰ğˆğ‘ Punca : Hujan lebat Daerah : Sipitang Nama Jalan : J. Pantai Luagan CH / KM : 2.131 - 6.749  Tindakan awalan: 1. Memasang papan tanda amaran   ğ’ğ­ğšğ­ğ®ğ¬ ğ‹ğšğ¥ğ®ğšğ§ : Tidak boleh dilalui ğ‰ğšğ¥ğšğ§ ğ€ğ¥ğ­ğğ«ğ§ğšğ­ğ¢ğŸ : Tiada,1746232389,0,57,Jabatan Kerja Raya Sabah,,https://scontent.fssa10-1.fna.fbcdn.net/v/t39.30808-1/253638857_101343012387354_3126421558566011521_n.png?stp=cp0_dst-png_s80x80&_nc_cat=107&ccb=1-7&_nc_sid=2d3e12&_nc_ohc=HzlKMshhaJwQ7kNvwFCfO8I&_nc_oc=AdmvqrY3fD0hKaxedaD7ucpGSpqGaOMg_D2hYuWpftsxc1eva5UtbSYALY9XWAJjHPk&_nc_zt=24&_nc_ht=scontent.fssa10-1.fna&_nc_gid=vMhTP_EkwUa-HQ-NCg99MQ&oh=00_AfEMAGL6j9YPToHZJ1L3hXjjeHLQDEAspoMFJFGiJ5a2pg&oe=681B8A7E,,,54,1,2,0,0,0
1133888578765407,post,09:18 à¸£à¸–à¸ˆà¸­à¸”à¹€à¸ªà¸µà¸¢à¸«à¸¥à¸²à¸¢à¸„à¸±à¸™ #à¸–à¸™à¸™à¸à¸£à¸°à¸£à¸²à¸¡2 à¸—à¸µà¹ˆà¸šà¸£à¸´à¹€à¸§à¸“à¸ªà¸°à¸à¸²à¸™à¸‚à¹‰à¸²à¸¡à¹à¸¡à¹ˆà¸™à¹‰à¸³à¸—à¹ˆà¸²à¸ˆà¸µà¸™ à¸­.à¹€à¸¡à¸·à¸­à¸‡ à¸ˆ.à¸ªà¸¡à¸¸à¸—à¸£à¸ªà¸²à¸„à¸£ à¸¡à¸µà¸™à¹‰à¸³à¸—à¹ˆà¸§à¸¡à¸‚à¸±à¸‡ à¸—à¸±à¹‰à¸‡à¸‚à¸²à¹€à¸‚à¹‰à¸²à¹à¸¥à¸°à¸‚à¸²à¸­à¸­à¸ à¸ˆà¸²à¸ #à¸à¸™à¸•à¸ à¹à¸¥à¸°à¸™à¹‰à¸³à¸—à¸°à¹€à¸¥à¸«à¸™à¸¸à¸™   #à¸£à¸–à¸•à¸´à¸” #à¸™à¹‰à¸³à¸—à¹ˆà¸§à¸¡   (Cr.à¹€à¸”à¹‡à¸à¸ªà¸¡à¸¸à¸—à¸£à¸ªà¸²à¸„à¸£),1746238808,586,10015,JS100 Radio,,https://scontent-gru2-1.xx.fbcdn.net/v/t39.30808-1/339897922_181126827634999_6119362636279914283_n.jpg?stp=cp0_dst-jpg_s80x80_tt6&_nc_cat=1&ccb=1-7&_nc_sid=2d3e12&_nc_ohc=qqXaC1u00dwQ7kNvwFtpF-w&_nc_oc=AdnSp6XPToNgXdTcYg9u90MSM88FL8HDA0EzltjWIlxY5R03S7vQVYxHEI4teHfrRaA&_nc_zt=24&_nc_ht=scontent-gru2-1.xx&_nc_gid=TqMyM1FYCbPGM_rbVj4acg&oh=00_AfHRJSYdO9xyLWdfzCl2q7-qQAAL0FNnIwZ7cbuyeB6aYA&oe=681BB5D4,,,8598,12,85,0,59,729
1484434939607320,post,"Sikiiittttttt lagi mau sampai. ğŸ˜­ Berabis mengharap dia tidak masuk rumah, tapi kalau Tuhan sudah berkehendak, kita hadap saja lah kan. ğŸ˜  #banjir2025 #banjir #banjirbeaufort #banjirlagi",1746259164,1,2,Jiny Rche,,https://scontent-gru2-2.xx.fbcdn.net/v/t39.30808-1/474877899_1408212147229600_5509346500401699474_n.jpg?stp=cp0_dst-jpg_p80x80_tt6&_nc_cat=106&ccb=1-7&_nc_sid=1d2534&_nc_ohc=Hkf5jV5xS1UQ7kNvwG1lUE8&_nc_oc=AdlRMJQsHH2Aph4iu7BBqW_H-2BmN2VUeNoAeKJk2RSac2mLjE8LJke8HgGxslt22H4&_nc_zt=24&_nc_ht=scontent-gru2-2.xx&_nc_gid=TqMyM1FYCbPGM_rbVj4acg&oh=00_AfG3XaBwwDJzcdbwSx9Cvns0PFFDzJgMOvNQCj_tWml2Wg&oe=681B8CEB,,,2,0,0,0,0,0
9983069528443475,post,Tak ada bencana aktivitas merusak hulu tetap berjalan!,1746255924,0,2,Yusuf Gerhana,,https://scontent-gru1-1.xx.fbcdn.net/v/t39.30808-1/404624911_7111535325596924_7577680452407558921_n.jpg?stp=c14.7.1338.1338a_cp0_dst-jpg_s80x80_tt6&_nc_cat=101&ccb=1-7&_nc_sid=1d2534&_nc_ohc=_1QUXxYn2KsQ7kNvwFq1Jgs&_nc_oc=AdmOzfhZeEOIxk7jHmXiakCmgeyNk9hNT8FqHCotInKAV6T85YCl_D6wj8n0V9XSi7s&_nc_zt=24&_nc_ht=scontent-gru1-1.xx&_nc_gid=TqMyM1FYCbPGM_rbVj4acg&oh=00_AfGABJI7M7xa0_ClhhFqgb89B0ait1ap8BqP_Z8titZicg&oe=681B938B,,,1,1,0,0,0,0
9659591484089827,post,Jangan berani lalu kalau sudah banjir begini..sudah beberapa kereta pernah hanyut disini akibat main berani.Sebaiknya tunggu keadaan selamat dulu. #banjirkilat #jambatan #kionsom #Inanam #kotakinabalu #takecare #bepatient,1746179093,41,30,Elbrin Gisain,,https://scontent.fbgw53-1.fna.fbcdn.net/v/t39.30808-1/461429808_8328444147204574_4609257016021274466_n.jpg?stp=cp0_dst-jpg_s80x80_tt6&_nc_cat=1&ccb=1-7&_nc_sid=1d2534&_nc_ohc=zh-UXi6VqPQQ7kNvwE7lxJ2&_nc_oc=AdlKSlvRvj_s0iFUQK-XlTBsxB6Oj-XbP5tQ4JQLLSverjMXmzeWu1BkJF072XVqa2w&_nc_zt=24&_nc_ht=scontent.fbgw53-1.fna&_nc_gid=IN0DnKSDKsuzbEbV6N6Zyg&oh=00_AfHvfn2_1iuiYJzWlK4_ygNf1Mfbytk_AIU2xQn3fW9P5g&oe=681BA48A,,,25,0,0,0,0,4
1008783781377812,post,Bukit Padang  â¡ï¸ Donggongon  (2/5/2025)  Masa:18:10pm  Banjir  #banjir #Penampang,1746181021,7,99,Tsen Siau Jin,,https://scontent.fbgw53-1.fna.fbcdn.net/v/t39.30808-1/481220299_3279756948838884_3248066558282725021_n.jpg?stp=cp6_dst-jpg_s48x48_tt6&_nc_cat=104&ccb=1-7&_nc_sid=1d2534&_nc_ohc=YxoWPX509m4Q7kNvwGq1tyY&_nc_oc=Adm9dW96COpL6g9GwzXlAUlXvl34imretFdCp5xTIM6gW1Am9yrHNUKNABcsbVzNgq4&_nc_zt=24&_nc_ht=scontent.fbgw53-1.fna&_nc_gid=IN0DnKSDKsuzbEbV6N6Zyg&oh=00_AfHy3SChTU7_yqAjbL4VSpy4s5n_QCO3ZoSxe2XSh2ZoGQ&oe=681B8DCB,,,77,0,2,0,1,19
689531010238474,post,ğˆğğ…ğ ğ’ğ„ğŒğ€ğ’ğ€ ğ‹ğ€ğğğ‘ğ€ğ ğğ„ğğ‚ğ€ğğ€ (ğŸ‘ ğŒğ„ğˆ ğŸğŸğŸğŸ“)  ğğ€ğğ‰ğˆğ‘ Punca : Hujan lebat Daerah : Sipitang Nama Jalan : J. Pantai Luagan CH / KM : 2.131 - 6.749  Tindakan awalan: 1. Memasang papan tanda amaran   ğ’ğ­ğšğ­ğ®ğ¬ ğ‹ğšğ¥ğ®ğšğ§ : Tidak boleh dilalui ğ‰ğšğ¥ğšğ§ ğ€ğ¥ğ­ğğ«ğ§ğšğ­ğ¢ğŸ : Tiada,1746232389,0,57,Jabatan Kerja Raya Sabah,,https://scontent.fbgw53-1.fna.fbcdn.net/v/t39.30808-1/253638857_101343012387354_3126421558566011521_n.png?stp=cp0_dst-png_s80x80&_nc_cat=107&ccb=1-7&_nc_sid=2d3e12&_nc_ohc=HzlKMshhaJwQ7kNvwGF3haP&_nc_oc=AdnDfCXjQEVXSSE-_UgJzfhyg1TvZEthd3w8P4hty2WfwvDwVat0NBxGHd7YG7sGdEc&_nc_zt=24&_nc_ht=scontent.fbgw53-1.fna&_nc_gid=IN0DnKSDKsuzbEbV6N6Zyg&oh=00_AfG80gg1oUvLaIOypQBBjAM_pELq5HOVbl61qDQW_jnJbw&oe=681B8A7E,,,54,1,2,0,0,0
1031567875823129,post,à¸à¸£à¸°à¸£à¸²à¸¡2à¸­à¹ˆà¸§à¸¡ à¸—à¹ˆà¸§à¸¡..à¸£à¸–à¸•à¸´à¸”!  3à¸.à¸„.68 à¸­à¸±à¸›à¹€à¸”à¸•à¹€à¸«à¸•à¸¸à¸™à¹‰à¸³à¸—à¹ˆà¸§à¸¡à¸šà¸£à¸´à¹€à¸§à¸“à¸–à¸™à¸™à¸à¸£à¸°à¸£à¸²à¸¡ 2 à¸Šà¹ˆà¸§à¸‡à¹€à¸¥à¸¢à¸ªà¸°à¸à¸²à¸™à¸—à¹ˆà¸²à¸ˆà¸µà¸™  à¸•à¸³à¸šà¸¥à¸—à¹ˆà¸²à¸ˆà¸µà¸™  à¸­à¸³à¹€à¸ à¸­à¹€à¸¡à¸·à¸­à¸‡à¸ªà¸¡à¸¸à¸—à¸£à¸ªà¸²à¸„à¸£ à¸à¸²à¸£à¸ˆà¸£à¸²à¸ˆà¸£à¸¢à¸±à¸‡à¸•à¸´à¸”à¸‚à¸±à¸” à¸¡à¸µà¸£à¸–à¹€à¸ªà¸µà¸¢ à¹€à¸™à¸·à¹ˆà¸­à¸‡à¸ˆà¸²à¸à¹€à¸à¸´à¸”à¸à¸™à¸•à¸à¸«à¸™à¸±à¸à¹€à¸¡à¸·à¹ˆà¸­à¸„à¸·à¸™à¸—à¸µà¹ˆà¸œà¹ˆà¸²à¸™à¸¡à¸²  à¸‚à¸“à¸°à¹€à¸”à¸µà¸¢à¸§à¸à¸±à¸™ à¹à¸‚à¸§à¸‡à¸à¸²à¸£à¸—à¸²à¸‡à¸ªà¸¡à¸¸à¸—à¸£à¸ªà¸²à¸„à¸£ à¹€à¸”à¸´à¸™à¹€à¸„à¸£à¸·à¹ˆà¸­à¸‡à¸ªà¸¹à¸šà¸™à¹‰à¸³à¹€à¸•à¹‡à¸¡à¸à¸³à¸¥à¸±à¸‡  à¹€à¸à¸·à¹ˆà¸­à¹€à¸£à¹ˆà¸‡à¸£à¸°à¸šà¸²à¸™à¸™à¹‰à¸³à¸­à¸­à¸à¸ˆà¸²à¸à¸à¸·à¹‰à¸™à¸œà¸´à¸§à¸–à¸™à¸™  à¸„à¸²à¸”à¸§à¹ˆà¸²à¸­à¸µà¸à¹„à¸¡à¹ˆà¸™à¸²à¸™à¸à¸²à¸£à¸ˆà¸£à¸²à¸ˆà¸£à¸ˆà¸°à¸à¸¥à¸±à¸šà¹€à¸‚à¹‰à¸²à¸ªà¸¹à¹ˆà¸ à¸²à¸§à¸°à¸›à¸à¸•à¸´   à¸•à¹ˆà¸­à¹„à¸›  cr.à¸›à¸£à¸°à¸Šà¸²à¸ªà¸±à¸¡à¸à¸±à¸™à¸˜à¹Œà¸ªà¸¡à¸¸à¸—à¸£à¸ªà¸²à¸„à¸£ #à¸™à¹‰à¸³à¸—à¹ˆà¸§à¸¡ #à¸à¸£à¸°à¸£à¸²à¸¡2 #à¸–à¸™à¸™à¸à¸£à¸°à¸£à¸²à¸¡2 #à¹„à¸—à¸¢à¸™à¸´à¸§à¸ªà¹Œ #thainews,1746250753,28,1177,ThaiNews â€“ à¹„à¸—à¸¢à¸™à¸´à¸§à¸ªà¹Œ,,https://scontent.frao3-1.fna.fbcdn.net/v/t39.30808-1/449201185_812345804412005_988928922185430392_n.jpg?stp=cp0_dst-jpg_s80x80_tt6&_nc_cat=1&ccb=1-7&_nc_sid=2d3e12&_nc_ohc=FWE-x1KmLKAQ7kNvwF6lo6X&_nc_oc=AdkP75_3aXCgQLSKClNFoP_i1IOddqCUtlIRtm4mCEZbdd87Xn3sIKO79yKwG7ptPMk&_nc_zt=24&_nc_ht=scontent.frao3-1.fna&_nc_gid=FOkj9B_sFTPrma1xPeQmdg&oh=00_AfFhTY9kbwY7ZK3yb6Cwyy27twXzorsY6ivfIjy1ewC4xg&oe=681BAA6B,,,1123,2,2,0,5,14
707671351833456,post,02/05/2025: Keadaan terkini jalan Kibabaig Dari Bukit Padang. Hati-hati memanduğŸ«¶ #terkini #banjir #sabah,1746181890,35,263,Lorina Stani,,https://scontent.frao3-1.fna.fbcdn.net/v/t39.30808-1/482214474_665487859385139_6351802939405130540_n.jpg?stp=cp0_dst-jpg_s80x80_tt6&_nc_cat=111&ccb=1-7&_nc_sid=1d2534&_nc_ohc=s7ysgev65o4Q7kNvwGJdn_H&_nc_oc=Adm7BrfLyl2P_ROTtGS_y-Fb0WMNiQ1VJKeuJHu1aB_svhBbrZS0BMDO1r1QsGuDLhE&_nc_zt=24&_nc_ht=scontent.frao3-1.fna&_nc_gid=FOkj9B_sFTPrma1xPeQmdg&oh=00_AfGfTdKpFEaSd6II0To_DqcigRV4gsx7VunpkYFAwjofjA&oe=681BA889,,,248,0,4,0,1,10
24305943242339655,post,"Banjir, ngamÂ² lagi ada kesyukuran pemberkatan padi #reelsviral #banjir #contentmonetization",1746189428,16,49,Anita Kurutok,,https://scontent.frao3-1.fna.fbcdn.net/v/t39.30808-1/485044809_23993107806956535_1613828835094737058_n.jpg?stp=cp0_dst-jpg_s80x80_tt6&_nc_cat=103&ccb=1-7&_nc_sid=1d2534&_nc_ohc=oFH5BMHlzpEQ7kNvwFlzGOo&_nc_oc=AdlQUfs5-x-Sh54JE_KZzxFzxGuLKjg1hlqJGX7Z69kSuu3O6NsCpJF4FQvdFdffjWM&_nc_zt=24&_nc_ht=scontent.frao3-1.fna&_nc_gid=FOkj9B_sFTPrma1xPeQmdg&oh=00_AfHh6UrY5EwaZeMdbXXAihwr_mVHT7csSUNLtnQZX2d6_g&oe=681B87B2,,,41,0,5,0,0,2
9659591484089827,post,Jangan berani lalu kalau sudah banjir begini..sudah beberapa kereta pernah hanyut disini akibat main berani.Sebaiknya tunggu keadaan selamat dulu. #banjirkilat #jambatan #kionsom #Inanam #kotakinabalu #takecare #bepatient,1746179093,41,30,Elbrin Gisain,,https://scontent.fqps2-1.fna.fbcdn.net/v/t39.30808-1/461429808_8328444147204574_4609257016021274466_n.jpg?stp=cp0_dst-jpg_s80x80_tt6&_nc_cat=1&ccb=1-7&_nc_sid=1d2534&_nc_ohc=zh-UXi6VqPQQ7kNvwEIz2AC&_nc_oc=AdnMd8HiLbXWIGzY6rkH1Hij8ho8F1IohQ_PpghZjrxXPOObqT9QoJNMgSCh3GYwu5s&_nc_zt=24&_nc_ht=scontent.fqps2-1.fna&_nc_gid=Nl_tXqKjHujpE7GXdZKmtg&oh=00_AfEsuToL9ZC3vPcBa6gv7X81RZL7uvfhEb0EyLTFMzZM5g&oe=681BA48A,,,25,0,0,0,0,4
689531010238474,post,ğˆğğ…ğ ğ’ğ„ğŒğ€ğ’ğ€ ğ‹ğ€ğğğ‘ğ€ğ ğğ„ğğ‚ğ€ğğ€ (ğŸ‘ ğŒğ„ğˆ ğŸğŸğŸğŸ“)  ğğ€ğğ‰ğˆğ‘ Punca : Hujan lebat Daerah : Sipitang Nama Jalan : J. Pantai Luagan CH / KM : 2.131 - 6.749  Tindakan awalan: 1. Memasang papan tanda amaran   ğ’ğ­ğšğ­ğ®ğ¬ ğ‹ğšğ¥ğ®ğšğ§ : Tidak boleh dilalui ğ‰ğšğ¥ğšğ§ ğ€ğ¥ğ­ğğ«ğ§ğšğ­ğ¢ğŸ : Tiada,1746232389,0,57,Jabatan Kerja Raya Sabah,,https://scontent.fqps2-1.fna.fbcdn.net/v/t39.30808-1/253638857_101343012387354_3126421558566011521_n.png?stp=cp0_dst-png_s80x80&_nc_cat=107&ccb=1-7&_nc_sid=2d3e12&_nc_ohc=HzlKMshhaJwQ7kNvwFJ-ekQ&_nc_oc=AdlIbmAyTnOLbZhyj626GejJRXaT9QPN_bcPyi2BEu-Pkwkd1KOMK70IMq89DdkMfXA&_nc_zt=24&_nc_ht=scontent.fqps2-1.fna&_nc_gid=Nl_tXqKjHujpE7GXdZKmtg&oh=00_AfHkPUV2ov4XuW1TX0Sn2cyhEMfrWwFmM-ZOs6zP1lt_Yw&oe=681B8A7E,,,54,1,2,0,0,0
1600253040646856,post,Banjir lagiğŸ¥²moga cepat surut #tenom #banjir #followers,1746253884,2,16,Wenz WyenDyz,,https://scontent.fqps2-1.fna.fbcdn.net/v/t39.30808-1/461996054_1463965447475093_4524757243001190732_n.jpg?stp=cp0_dst-jpg_s48x48_tt6&_nc_cat=108&ccb=1-7&_nc_sid=1d2534&_nc_ohc=hlJngbb-B-0Q7kNvwG0tGA3&_nc_oc=AdmWBX7OwKOPK6_wjGjQTqWcr-Wo0ENOdemFZYhB0Puq019qHsv2kKtt0TnbKwaJDvE&_nc_zt=24&_nc_ht=scontent.fqps2-1.fna&_nc_gid=Nl_tXqKjHujpE7GXdZKmtg&oh=00_AfE0rTaGIkrBYsKqHZlmiySed_JoxdvpTgooN5LPYSEOpw&oe=681B9CB5,,,16,0,0,0,0,0
24305943242339655,post,"Banjir, ngamÂ² lagi ada kesyukuran pemberkatan padi #reelsviral #banjir #contentmonetization",1746189428,16,49,Anita Kurutok,,https://scontent.fbey4-2.fna.fbcdn.net/v/t39.30808-1/485044809_23993107806956535_1613828835094737058_n.jpg?stp=cp0_dst-jpg_s80x80_tt6&_nc_cat=103&ccb=1-7&_nc_sid=1d2534&_nc_ohc=oFH5BMHlzpEQ7kNvwFxksUM&_nc_oc=AdnGM7Vkst7DU6npvYSbenw14qteJzKIeYhq3PS-qxten_9zP5L3KmVk5XjowkPNfio&_nc_zt=24&_nc_ht=scontent.fbey4-2.fna&_nc_gid=9iH87klWTV6K5zlQXfZ2xA&oh=00_AfHP9Bv9_quUIXQP6i-Bi292qhvrPxrKDxXBOueZ4pvhzA&oe=681B87B2,,,41,0,5,0,0,2
1031567875823129,post,à¸à¸£à¸°à¸£à¸²à¸¡2à¸­à¹ˆà¸§à¸¡ à¸—à¹ˆà¸§à¸¡..à¸£à¸–à¸•à¸´à¸”!  3à¸.à¸„.68 à¸­à¸±à¸›à¹€à¸”à¸•à¹€à¸«à¸•à¸¸à¸™à¹‰à¸³à¸—à¹ˆà¸§à¸¡à¸šà¸£à¸´à¹€à¸§à¸“à¸–à¸™à¸™à¸à¸£à¸°à¸£à¸²à¸¡ 2 à¸Šà¹ˆà¸§à¸‡à¹€à¸¥à¸¢à¸ªà¸°à¸à¸²à¸™à¸—à¹ˆà¸²à¸ˆà¸µà¸™  à¸•à¸³à¸šà¸¥à¸—à¹ˆà¸²à¸ˆà¸µà¸™  à¸­à¸³à¹€à¸ à¸­à¹€à¸¡à¸·à¸­à¸‡à¸ªà¸¡à¸¸à¸—à¸£à¸ªà¸²à¸„à¸£ à¸à¸²à¸£à¸ˆà¸£à¸²à¸ˆà¸£à¸¢à¸±à¸‡à¸•à¸´à¸”à¸‚à¸±à¸” à¸¡à¸µà¸£à¸–à¹€à¸ªà¸µà¸¢ à¹€à¸™à¸·à¹ˆà¸­à¸‡à¸ˆà¸²à¸à¹€à¸à¸´à¸”à¸à¸™à¸•à¸à¸«à¸™à¸±à¸à¹€à¸¡à¸·à¹ˆà¸­à¸„à¸·à¸™à¸—à¸µà¹ˆà¸œà¹ˆà¸²à¸™à¸¡à¸²  à¸‚à¸“à¸°à¹€à¸”à¸µà¸¢à¸§à¸à¸±à¸™ à¹à¸‚à¸§à¸‡à¸à¸²à¸£à¸—à¸²à¸‡à¸ªà¸¡à¸¸à¸—à¸£à¸ªà¸²à¸„à¸£ à¹€à¸”à¸´à¸™à¹€à¸„à¸£à¸·à¹ˆà¸­à¸‡à¸ªà¸¹à¸šà¸™à¹‰à¸³à¹€à¸•à¹‡à¸¡à¸à¸³à¸¥à¸±à¸‡  à¹€à¸à¸·à¹ˆà¸­à¹€à¸£à¹ˆà¸‡à¸£à¸°à¸šà¸²à¸™à¸™à¹‰à¸³à¸­à¸­à¸à¸ˆà¸²à¸à¸à¸·à¹‰à¸™à¸œà¸´à¸§à¸–à¸™à¸™  à¸„à¸²à¸”à¸§à¹ˆà¸²à¸­à¸µà¸à¹„à¸¡à¹ˆà¸™à¸²à¸™à¸à¸²à¸£à¸ˆà¸£à¸²à¸ˆà¸£à¸ˆà¸°à¸à¸¥à¸±à¸šà¹€à¸‚à¹‰à¸²à¸ªà¸¹à¹ˆà¸ à¸²à¸§à¸°à¸›à¸à¸•à¸´   à¸•à¹ˆà¸­à¹„à¸›  cr.à¸›à¸£à¸°à¸Šà¸²à¸ªà¸±à¸¡à¸à¸±à¸™à¸˜à¹Œà¸ªà¸¡à¸¸à¸—à¸£à¸ªà¸²à¸„à¸£ #à¸™à¹‰à¸³à¸—à¹ˆà¸§à¸¡ #à¸à¸£à¸°à¸£à¸²à¸¡2 #à¸–à¸™à¸™à¸à¸£à¸°à¸£à¸²à¸¡2 #à¹„à¸—à¸¢à¸™à¸´à¸§à¸ªà¹Œ #thainews,1746250753,28,1177,ThaiNews â€“ à¹„à¸—à¸¢à¸™à¸´à¸§à¸ªà¹Œ,,https://scontent.fbey4-2.fna.fbcdn.net/v/t39.30808-1/449201185_812345804412005_988928922185430392_n.jpg?stp=cp0_dst-jpg_s80x80_tt6&_nc_cat=1&ccb=1-7&_nc_sid=2d3e12&_nc_ohc=FWE-x1KmLKAQ7kNvwFTf3zh&_nc_oc=AdkMvhnjV0J6yVesa-ufdr9vhaYIhOoNsHddMFVMNec32MVylT9l40bM3UsBIwEZPmA&_nc_zt=24&_nc_ht=scontent.fbey4-2.fna&_nc_gid=9iH87klWTV6K5zlQXfZ2xA&oh=00_AfHo_UG1RxJw7825jr5vxfGsFxH2u_RDsorN5racAP8udg&oe=681BAA6B,,,1123,2,2,0,5,14
681695588135382,post,Hujan deras semalam membuat putus jalan di daerah sigambal masuk dalam  #hujan #banjir #aekkanan @sorotan @semua,1746240134,16,24,Informasi,,https://scontent.fbey4-2.fna.fbcdn.net/v/t39.30808-1/468786118_565460233092252_7724121601543388747_n.jpg?stp=cp0_dst-jpg_p80x80_tt6&_nc_cat=109&ccb=1-7&_nc_sid=2d3e12&_nc_ohc=oTSV3-s4hRoQ7kNvwHndczy&_nc_oc=AdmzjG7SwLSiKC-SpWUw2gykb79qEQEOte-JoLneaRODgMw2kKD6NqeJJfNS_iZV3Ro&_nc_zt=24&_nc_ht=scontent.fbey4-2.fna&_nc_gid=9iH87klWTV6K5zlQXfZ2xA&oh=00_AfFKEur7V1-7yo32SdxH-feS-vWEBFpQVGt3RgP5kwxZaw&oe=681B8E95,,,22,0,0,0,0,2
1600253040646856,post,Banjir lagiğŸ¥²moga cepat surut #tenom #banjir #followers,1746253884,2,16,Wenz WyenDyz,,https://scontent.fcgy1-2.fna.fbcdn.net/v/t39.30808-1/461996054_1463965447475093_4524757243001190732_n.jpg?stp=cp0_dst-jpg_s48x48_tt6&_nc_cat=108&ccb=1-7&_nc_sid=1d2534&_nc_ohc=hlJngbb-B-0Q7kNvwE4DtV0&_nc_oc=Adl1aMD71ng1CQtIfkVN4aDxs0TtuQTAZjZNM0rO37BVHASA0ha5APL-6u9BwOqHBxM&_nc_zt=24&_nc_ht=scontent.fcgy1-2.fna&_nc_gid=PkksDHPCVyBcuC50jnTvHg&oh=00_AfH5gPBAL7VBC4dZd-eQm3mF-_rKP-qEkBSyktmF4ONFVA&oe=681B9CB5,,,16,0,0,0,0,0
1108499627978182,post,Mangsa Banjir Di Sook Meningkat Kepada 392 Orang  Berita Penuh: https://www.sabahpost.net/2025/05/03/mangsa-banjir-di-sook-meningkat-kepada-392-orang/  Join Channel Whatsapp kami ğŸ‘‡: https://whatsapp.com/channel/0029Vazjm8ZJUM2VhkCpW33Q,1746244897,7,51,Sabah Post,,https://scontent.fcgy1-2.fna.fbcdn.net/v/t39.30808-1/339151944_616791026559952_4401785507884608480_n.jpg?stp=cp0_dst-jpg_s80x80_tt6&_nc_cat=101&ccb=1-7&_nc_sid=2d3e12&_nc_ohc=v1VIGhv-DB4Q7kNvwGvHJhZ&_nc_oc=AdmfiUVLNGxRqUdX8nff1ZSbUsJavNDz2dWK4B69I6AY4fVIixN7LUcvMlEpArHprdo&_nc_zt=24&_nc_ht=scontent.fcgy1-2.fna&_nc_gid=PkksDHPCVyBcuC50jnTvHg&oh=00_AfE6teSiNqOgAC20WAgRFwdZcdPhiYR8ygX3Q62oxO97Vw&oe=681B93A3,,,46,0,5,0,0,0
2400227973694783,post,Banjir jalan kibabaig.   #banjir #jalankibabaig #Penampang #sabah #hatihati,1746178382,11,35,Fred Ax Joseph,,https://scontent.fcgy1-1.fna.fbcdn.net/v/t39.30808-1/471821144_2294899200894328_2520815889284279011_n.jpg?stp=cp0_dst-jpg_s80x80_tt6&_nc_cat=107&ccb=1-7&_nc_sid=1d2534&_nc_ohc=7B0U8KESX28Q7kNvwHI1_D_&_nc_oc=Adk2hXz6hyUto23twHXzeR9qVZxwXvd64tcryojf4wGA8n1-zqR-vJzeWqotkq9428E&_nc_zt=24&_nc_ht=scontent.fcgy1-1.fna&_nc_gid=PkksDHPCVyBcuC50jnTvHg&oh=00_AfGD7BAj-3FZvAMVnue-9Dhu6U54w6_e6FfhrQQmql8oWw&oe=681BB71E,,,29,1,2,0,0,3
707677265166198,post,02/05/2025: Keadaan terkini Kg. Rampayan Laut Mengatal.  #staysafe #terkini #banjir #sabah,1746182508,14,35,Lorina Stani,,https://scontent.fsjk3-1.fna.fbcdn.net/v/t39.30808-1/482214474_665487859385139_6351802939405130540_n.jpg?stp=cp0_dst-jpg_s80x80_tt6&_nc_cat=111&ccb=1-7&_nc_sid=1d2534&_nc_ohc=s7ysgev65o4Q7kNvwEV9mcM&_nc_oc=AdlbbcCsD80mossJiabTqYvsVcpRsvzjAgHSzYOj7d3Luu-XunaIuX--GEIGP4rwr78&_nc_zt=24&_nc_ht=scontent.fsjk3-1.fna&_nc_gid=SEiJvJ74mLHVgMM4_jLyfQ&oh=00_AfElXKYR_xU5dvHkqP4PHo7SQ2pXlyGbzQlNKlPK0UVc0Q&oe=681BA889,,,29,0,1,0,0,4
701895519048508,post,D salu Buah air nya naik lagi,1746257133,0,1,Nurlela Arman,,https://scontent.fsjk3-1.fna.fbcdn.net/v/t39.30808-1/492540483_692758226628904_6375607087586444681_n.jpg?stp=cp0_dst-jpg_s80x80_tt6&_nc_cat=109&ccb=1-7&_nc_sid=1d2534&_nc_ohc=S3ME9h16zcQQ7kNvwE2v-vf&_nc_oc=AdkPIEjJSe6Lvw9mvdPO7ZDU8V1Tu2KHwetFxgjD46N11Lo3yOyp_1e0dwRqhWQfPEE&_nc_zt=24&_nc_ht=scontent.fsjk3-1.fna&_nc_gid=SEiJvJ74mLHVgMM4_jLyfQ&oh=00_AfFQHgBSpcaJyfUN6tK4dPPIY10KfIoxfFQETS3fHHXe0Q&oe=681B8F62,,,1,0,0,0,0,0
1108499627978182,post,Mangsa Banjir Di Sook Meningkat Kepada 392 Orang  Berita Penuh: https://www.sabahpost.net/2025/05/03/mangsa-banjir-di-sook-meningkat-kepada-392-orang/  Join Channel Whatsapp kami ğŸ‘‡: https://whatsapp.com/channel/0029Vazjm8ZJUM2VhkCpW33Q,1746244897,7,51,Sabah Post,,https://scontent.fsjk3-1.fna.fbcdn.net/v/t39.30808-1/339151944_616791026559952_4401785507884608480_n.jpg?stp=cp0_dst-jpg_s80x80_tt6&_nc_cat=101&ccb=1-7&_nc_sid=2d3e12&_nc_ohc=v1VIGhv-DB4Q7kNvwHAUTzd&_nc_oc=AdmCvoswpNpnL_NeLuWXI09-cFEYs6moM5vZwBetbUgYcZg6HbUiNeNba8p7RlNIKPE&_nc_zt=24&_nc_ht=scontent.fsjk3-1.fna&_nc_gid=SEiJvJ74mLHVgMM4_jLyfQ&oh=00_AfFsEdYhaH1odda34bbq3c-TN2HqMtftnv-hiYEaZPgniA&oe=681B93A3,,,46,0,5,0,0,0
2050118935467981,post,"Detik detik pencarian orang yang telah hanyut pada tanggal 29/4/2025 disungai mola, semoga cepat ditemukan   #pencarianorang #terbawa_arus_air  #sungaimola",1746192946,8,8,Elisokhi Ndruru,,https://scontent.fsdq4-1.fna.fbcdn.net/v/t39.30808-1/483833440_2006231219856753_4177946073284797159_n.jpg?stp=cp0_dst-jpg_s80x80_tt6&_nc_cat=107&ccb=1-7&_nc_sid=1d2534&_nc_ohc=VhqaWXNClc4Q7kNvwHqHp7O&_nc_oc=AdlblohUM8eL-Eew-LN9RYLU4xoBa5DuMyocVkr_90MJmbkf9GxBEUSVftJqojOyNKc&_nc_zt=24&_nc_ht=scontent.fsdq4-1.fna&_nc_gid=-Fcn4FHyJDbiRVyMq8lqaA&oh=00_AfG-SgZQsnB-pWxGZKGWLFiM0DyNg8a6Fv5-zAJ1V0MQRw&oe=681BB960,,,7,0,0,0,0,0
1212069907088438,post,UPDATE BANJIR BEAUFORT 2025  Tarikh: 3 Mei (Sabtu) Masa: 10:18 am Lokasi: Stesen Keretapi Beaufort  Baru ja tadi perasan air naik balik...,1746238770,12,60,Adrian Jimi,,https://scontent.fsdq4-1.fna.fbcdn.net/v/t39.30808-1/393728642_1674120819734137_5637905979283733665_n.jpg?stp=cp0_dst-jpg_s48x48_tt6&_nc_cat=104&ccb=1-7&_nc_sid=e99d92&_nc_ohc=7xC-uN5EFRgQ7kNvwFp_N6L&_nc_oc=Adn5deURT6konLksU2sh1mMIGVZodR3wSR68ipAK-u5XUtJFcQyvzMrYKJRJKw7jsDM&_nc_zt=24&_nc_ht=scontent.fsdq4-1.fna&_nc_gid=-Fcn4FHyJDbiRVyMq8lqaA&oh=00_AfECzRl9P_K5vSYmYS31Qm4_S5_iZSecjUQzmHtbTzfbsQ&oe=681B9C7D,,,58,0,0,0,0,1
1085958773580326,post,HarapÂ² berhenti la ni hujan sebelum jam 5pmğŸ™  Makin lebat pula hujan di sini penampang..  #staysafe #drivesafe #Penampang #highlight #hujanderas #banjir #FloodImpact #weather #infocuaca #infoterkini #cuacasabah #sabah #kotakinabalu,1746173964,3,8,Lesly Albert,,https://scontent.fsdq4-1.fna.fbcdn.net/v/t39.30808-1/460813056_921942149981990_5552249221639839430_n.jpg?stp=cp0_dst-jpg_s80x80_tt6&_nc_cat=101&ccb=1-7&_nc_sid=1d2534&_nc_ohc=gAptxrZV2ooQ7kNvwHnuVpu&_nc_oc=Adn673k9a2vhKRspzvwOY8ZSBHlNlQelrlXYt7d28-72YzpICDKKhWy03r7lTgikGKM&_nc_zt=24&_nc_ht=scontent.fsdq4-1.fna&_nc_gid=-Fcn4FHyJDbiRVyMq8lqaA&oh=00_AfFkePy2xqR7b-nfT1yvbSwB_Nr91nAJ_NBlCRi45j4XTA&oe=681B8C86,,,6,0,1,0,0,1
1031567875823129,post,à¸à¸£à¸°à¸£à¸²à¸¡2à¸­à¹ˆà¸§à¸¡ à¸—à¹ˆà¸§à¸¡..à¸£à¸–à¸•à¸´à¸”!  3à¸.à¸„.68 à¸­à¸±à¸›à¹€à¸”à¸•à¹€à¸«à¸•à¸¸à¸™à¹‰à¸³à¸—à¹ˆà¸§à¸¡à¸šà¸£à¸´à¹€à¸§à¸“à¸–à¸™à¸™à¸à¸£à¸°à¸£à¸²à¸¡ 2 à¸Šà¹ˆà¸§à¸‡à¹€à¸¥à¸¢à¸ªà¸°à¸à¸²à¸™à¸—à¹ˆà¸²à¸ˆà¸µà¸™  à¸•à¸³à¸šà¸¥à¸—à¹ˆà¸²à¸ˆà¸µà¸™  à¸­à¸³à¹€à¸ à¸­à¹€à¸¡à¸·à¸­à¸‡à¸ªà¸¡à¸¸à¸—à¸£à¸ªà¸²à¸„à¸£ à¸à¸²à¸£à¸ˆà¸£à¸²à¸ˆà¸£à¸¢à¸±à¸‡à¸•à¸´à¸”à¸‚à¸±à¸” à¸¡à¸µà¸£à¸–à¹€à¸ªà¸µà¸¢ à¹€à¸™à¸·à¹ˆà¸­à¸‡à¸ˆà¸²à¸à¹€à¸à¸´à¸”à¸à¸™à¸•à¸à¸«à¸™à¸±à¸à¹€à¸¡à¸·à¹ˆà¸­à¸„à¸·à¸™à¸—à¸µà¹ˆà¸œà¹ˆà¸²à¸™à¸¡à¸²  à¸‚à¸“à¸°à¹€à¸”à¸µà¸¢à¸§à¸à¸±à¸™ à¹à¸‚à¸§à¸‡à¸à¸²à¸£à¸—à¸²à¸‡à¸ªà¸¡à¸¸à¸—à¸£à¸ªà¸²à¸„à¸£ à¹€à¸”à¸´à¸™à¹€à¸„à¸£à¸·à¹ˆà¸­à¸‡à¸ªà¸¹à¸šà¸™à¹‰à¸³à¹€à¸•à¹‡à¸¡à¸à¸³à¸¥à¸±à¸‡  à¹€à¸à¸·à¹ˆà¸­à¹€à¸£à¹ˆà¸‡à¸£à¸°à¸šà¸²à¸™à¸™à¹‰à¸³à¸­à¸­à¸à¸ˆà¸²à¸à¸à¸·à¹‰à¸™à¸œà¸´à¸§à¸–à¸™à¸™  à¸„à¸²à¸”à¸§à¹ˆà¸²à¸­à¸µà¸à¹„à¸¡à¹ˆà¸™à¸²à¸™à¸à¸²à¸£à¸ˆà¸£à¸²à¸ˆà¸£à¸ˆà¸°à¸à¸¥à¸±à¸šà¹€à¸‚à¹‰à¸²à¸ªà¸¹à¹ˆà¸ à¸²à¸§à¸°à¸›à¸à¸•à¸´   à¸•à¹ˆà¸­à¹„à¸›  cr.à¸›à¸£à¸°à¸Šà¸²à¸ªà¸±à¸¡à¸à¸±à¸™à¸˜à¹Œà¸ªà¸¡à¸¸à¸—à¸£à¸ªà¸²à¸„à¸£ #à¸™à¹‰à¸³à¸—à¹ˆà¸§à¸¡ #à¸à¸£à¸°à¸£à¸²à¸¡2 #à¸–à¸™à¸™à¸à¸£à¸°à¸£à¸²à¸¡2 #à¹„à¸—à¸¢à¸™à¸´à¸§à¸ªà¹Œ #thainews,1746250753,28,1178,ThaiNews â€“ à¹„à¸—à¸¢à¸™à¸´à¸§à¸ªà¹Œ,,https://scontent.figu2-1.fna.fbcdn.net/v/t39.30808-1/449201185_812345804412005_988928922185430392_n.jpg?stp=cp0_dst-jpg_s80x80_tt6&_nc_cat=1&ccb=1-7&_nc_sid=2d3e12&_nc_ohc=FWE-x1KmLKAQ7kNvwGVL2GT&_nc_oc=AdnqWbtHSxEChUcUTyvSoPHzb-7v0ISHL0dkMRFVJXgiFuyzsAnNJKp93mpqLIajpv8&_nc_zt=24&_nc_ht=scontent.figu2-1.fna&_nc_gid=z3ppUrljVa4HHF11kuGMnw&oh=00_AfG-DkMw8GhiTh9Nv5vHFSZ686uxS04j2Qa3sC0HjaDvAA&oe=681BAA6B,,,1124,2,2,0,5,14
2050118935467981,post,"Detik detik pencarian orang yang telah hanyut pada tanggal 29/4/2025 disungai mola, semoga cepat ditemukan   #pencarianorang #terbawa_arus_air  #sungaimola",1746192946,8,8,Elisokhi Ndruru,,https://scontent.figu2-1.fna.fbcdn.net/v/t39.30808-1/483833440_2006231219856753_4177946073284797159_n.jpg?stp=cp0_dst-jpg_s80x80_tt6&_nc_cat=107&ccb=1-7&_nc_sid=1d2534&_nc_ohc=VhqaWXNClc4Q7kNvwG8t1T6&_nc_oc=Adn_ovawU_VPIVXlUh6yJHU_-IPAy2V34Qe8zaXMsc_JvS1PZezQyZL3jWL9z6Rp-80&_nc_zt=24&_nc_ht=scontent.figu2-1.fna&_nc_gid=z3ppUrljVa4HHF11kuGMnw&oh=00_AfHvkFOIWImiHM7MnrroMcv_0LY3zb2WAkpkiOe8Br-Qsw&oe=681BB960,,,7,0,0,0,0,0
2187113068408350,post,Hati2 semua..laju ini air naik jalan kampung luagan sanginan.. #banjir #kpgluagan,1746198253,30,56,Betty John,,https://scontent.figu2-1.fna.fbcdn.net/v/t39.30808-1/450633339_1960579401061719_115153041994620706_n.jpg?stp=cp0_dst-jpg_s80x80_tt6&_nc_cat=1&ccb=1-7&_nc_sid=1d2534&_nc_ohc=ZF_S_KmRsV0Q7kNvwFc2381&_nc_oc=AdlR87AXqWUrDW0GmxdSAeIhw17ygCRqNfVmU2VAvoy20U-DncyW9uIxTtcBq73rGcQ&_nc_zt=24&_nc_ht=scontent.figu2-1.fna&_nc_gid=z3ppUrljVa4HHF11kuGMnw&oh=00_AfFhk_05LZG3e428Qux2X_P4GHfyCbUtQJ4Ta5ZYukhVbA&oe=681B87DF,,,53,0,1,0,0,1
2400227973694783,post,Banjir jalan kibabaig.   #banjir #jalankibabaig #Penampang #sabah #hatihati,1746178382,11,35,Fred Ax Joseph,,https://scontent.fpoj1-1.fna.fbcdn.net/v/t39.30808-1/471821144_2294899200894328_2520815889284279011_n.jpg?stp=cp0_dst-jpg_s80x80_tt6&_nc_cat=107&ccb=1-7&_nc_sid=1d2534&_nc_ohc=7B0U8KESX28Q7kNvwE_kdtY&_nc_oc=Admx0FZI6ttcwq50mGdumypY1XBWNndsws_OdtCihlRUMxhrm45UE_c3bEKfn4DSM6g&_nc_zt=24&_nc_ht=scontent.fpoj1-1.fna&_nc_gid=WjVPn46MAnr7U1RINXBwNQ&oh=00_AfHE4kzoQvCjl42xCHXvetBqOu_VmDiTXdi2p7lIS1ErCw&oe=681BB71E,,,29,1,2,0,0,3
1749942219037063,post,Tolong slow Kan kenderaan Anda ty,1746082365,10,78,Iqbal Adnan,,https://scontent.fpoj1-1.fna.fbcdn.net/v/t39.30808-1/269989432_5297590143602799_4882970325793862669_n.jpg?stp=cp0_dst-jpg_s48x48_tt6&_nc_cat=106&ccb=1-7&_nc_sid=e99d92&_nc_ohc=1ufzicVlV34Q7kNvwEc4xuZ&_nc_oc=AdlRTcWENgGSYpAVEEz5aLatTeRQcJ44BDN6GIsv2gDaPQt_I7pNpHIMC9k6oRBOKMA&_nc_zt=24&_nc_ht=scontent.fpoj1-1.fna&_nc_gid=WjVPn46MAnr7U1RINXBwNQ&oh=00_AfHtlDerYQE9yynneUFh6e22dhyRHUjZG5VFa1GH17yEew&oe=681BA824,,,61,0,9,0,0,7
1121922836364700,post,"Ya allah.. Boltim sedag tidak baik baik saja.ğŸ˜­ kemarin banjir bandang d togid, mlm ni banjir d buyat arah ratatotokğŸ˜­ insyaallah.. Cpat m surut kasiangğŸ¤²ğŸ˜­  @sorotan #fbpro #fypboltim",1746102779,2,11,Sri Sutrianingsi Mamonto,,https://scontent.fpoj1-1.fna.fbcdn.net/v/t39.30808-1/482024291_1082592003631117_6732253880432549073_n.jpg?stp=cp0_dst-jpg_s80x80_tt6&_nc_cat=104&ccb=1-7&_nc_sid=1d2534&_nc_ohc=fbx8ZSHgJ-MQ7kNvwHm2pn5&_nc_oc=AdkPxm3tZ5Rh7LrJt52jTRfoX1c9C8HB-EyocEN_7eQWQqvm6gm-CsJF5PxX64aE47w&_nc_zt=24&_nc_ht=scontent.fpoj1-1.fna&_nc_gid=WjVPn46MAnr7U1RINXBwNQ&oh=00_AfGacqQXIQJbNh7EzDcvHc6FN9Wj3lx75WXXA7MPkXCEUw&oe=681B963E,,,9,0,2,0,0,0
1749942219037063,post,Tolong slow Kan kenderaan Anda ty,1746082365,10,78,Iqbal Adnan,,https://scontent-gru2-2.xx.fbcdn.net/v/t39.30808-1/269989432_5297590143602799_4882970325793862669_n.jpg?stp=cp0_dst-jpg_s48x48_tt6&_nc_cat=106&ccb=1-7&_nc_sid=e99d92&_nc_ohc=1ufzicVlV34Q7kNvwHBe2lS&_nc_oc=AdlB2rh1UuN1K_7BJ-3YShKwlE1mZwQPbtfp4Tj4p1HAdTdJWcCZFm68NooqSakNADs&_nc_zt=24&_nc_ht=scontent-gru2-2.xx&_nc_gid=SskfDLocP0VWwAIWXhv5_w&oh=00_AfGRpY7D_LvoRdaKbOwP91w4Bobos0LXa91taBLasimIpg&oe=681BA824,,,61,0,9,0,0,7
3791351341161953,post,Kondisi terkini pantauan sekitaran perlabian banjir di akibatkan hujan tadi malam terus menerus.  #banjir #fyp #fbpro,1746227834,29,50,Kidi Kiding,,https://scontent-gru1-1.xx.fbcdn.net/v/t39.30808-1/472104843_3684259018537853_4244894829287152666_n.jpg?stp=cp0_dst-jpg_s80x80_tt6&_nc_cat=101&ccb=1-7&_nc_sid=1d2534&_nc_ohc=80h2ZlcZJkoQ7kNvwEP26qL&_nc_oc=AdmanNsF4wrdMJn_6amhJCXXk8EvVcKoVywTgao9JGeGtRYVXETaszBOn2Hv2bRagHc&_nc_zt=24&_nc_ht=scontent-gru1-1.xx&_nc_gid=SskfDLocP0VWwAIWXhv5_w&oh=00_AfHibEulSAejR3iMjjAXVu41VRWjfQtsYaCP1zQ7OqPD3Q&oe=681BBA52,,,50,0,0,0,0,0
1872447170180474,post,Banjir,1746195227,9,34,Yunlee Chin,,https://scontent-gru2-2.xx.fbcdn.net/v/t39.30808-1/448696352_1648893772535816_2274936257043293669_n.jpg?stp=cp0_dst-jpg_s80x80_tt6&_nc_cat=105&ccb=1-7&_nc_sid=e99d92&_nc_ohc=oDEh29-6y5kQ7kNvwFUPzmL&_nc_oc=AdlsaU2T8qgUvTrFxGSCQ9FZMOqIleQKRJeyEOCBQ9vCZl7t0QDch9oeWgWwJF_1gXI&_nc_zt=24&_nc_ht=scontent-gru2-2.xx&_nc_gid=SskfDLocP0VWwAIWXhv5_w&oh=00_AfE64aqVLz3ydYp5hpAQdKDDDyVHbbqew4qZY-xibRxb1A&oe=681B9FFF,,,18,0,8,0,0,5
1704312086840809,post,#banjir #alfamart @sorotan pengikut,1746256973,1,1,Arief Bondol,,https://scontent.fcfc1-1.fna.fbcdn.net/v/t39.30808-1/490151377_1688617555076929_4451411489944439903_n.jpg?stp=cp0_dst-jpg_s80x80_tt6&_nc_cat=108&ccb=1-7&_nc_sid=1d2534&_nc_ohc=lHyiau4_KLIQ7kNvwFfONbB&_nc_oc=Adk05d7IeRq6HkvaiMFNWUj6j8TfGtnhtuy7SsB4HzSpRZmbXle-LWIf85xiWt1YbWE&_nc_zt=24&_nc_ht=scontent.fcfc1-1.fna&_nc_gid=Re-vvIkvTCSwatIsZ03sEg&oh=00_AfEyXdBrg3DJDfCI_tvkubVnCsKOgIlwaMbGMtRdx-KojA&oe=681BB101,,,1,0,0,0,0,0
2482894422042919,post,Banjir lagi  kampoeng etam ...,1746177257,1,39,Fishhunter Bengalon,,https://scontent.fcfc1-1.fna.fbcdn.net/v/t39.30808-1/431772026_122112937652229554_8276164691501878624_n.jpg?stp=cp0_dst-jpg_p48x48_tt6&_nc_cat=104&ccb=1-7&_nc_sid=1d2534&_nc_ohc=mM4sC6xUyQsQ7kNvwHwLrvw&_nc_oc=AdlS5tLR7zFO7A7nPcFZ6Wjv5wHTsT2JfbH38oSd9vsc7-KfGkEhR0ccjhcW25ljhlI&_nc_zt=24&_nc_ht=scontent.fcfc1-1.fna&_nc_gid=Re-vvIkvTCSwatIsZ03sEg&oh=00_AfGzPRIA4ISMrapYh8lWed3EVm9tnKmJAl9mgdFZ9In0Zw&oe=681BBA3D,,,33,0,3,0,0,3
3119785821507709,post,Kebanjiran (lagi) jam 2 an air dah naik.  Apa daya lah awak yg punya bayi kembar ini ga bisa bantu omağŸ˜© semoga cepat surut & jadi banjir yg terakhir.,1746232924,22,67,Ayu Andira Batubara,,https://scontent.fcfc1-1.fna.fbcdn.net/v/t39.30808-1/281444942_2221732037979763_6655188214187497275_n.jpg?stp=cp0_dst-jpg_s80x80_tt6&_nc_cat=100&ccb=1-7&_nc_sid=1d2534&_nc_ohc=oMtecCAVKoEQ7kNvwG7cfcE&_nc_oc=AdlyLcX-Nlhq64NTUz_YhsLw0xOPi5m4bKpCnhKg2cITEKQiJsphf0P3DSaTNFkZIWE&_nc_zt=24&_nc_ht=scontent.fcfc1-1.fna&_nc_gid=Re-vvIkvTCSwatIsZ03sEg&oh=00_AfFPvnMLXhqUrcfdxLuxQv9-Dl9Z4RcRuRAVcnrlke6NHA&oe=681B9D0D,,,60,0,6,0,0,0
9786910244729956,post,Info untuk jalan bingkul ya,1746235087,3,36,Theresa Baratus,,https://scontent.fjdo1-2.fna.fbcdn.net/v/t39.30808-1/457259411_8158255950880213_9093617136091601932_n.jpg?stp=c0.0.1581.1581a_cp0_dst-jpg_s48x48_tt6&_nc_cat=106&ccb=1-7&_nc_sid=1d2534&_nc_ohc=BMvRn2fzjGoQ7kNvwEs-P-Y&_nc_oc=AdlzVizKw5z880fF1NxSjRl5ykmNpP4jN5dId-dQtsbASOTlgrSHiEo3SmfXluNz7Fg&_nc_zt=24&_nc_ht=scontent.fjdo1-2.fna&_nc_gid=Plp8uHxG521l9K2WSF1FjA&oh=00_AfHdBA5f6-tlI8pmgZ7orW-GZ_7M8st-IxzMsuZ7VRQFrw&oe=681B867B,,,33,1,0,0,0,1
1007994694866940,post,"(2-5-2025 5.30pm) ä¸‹åˆçªå¦‚å…¶æ¥çš„å¤§é›¨ğŸŒ§ï¸ï¼Œå¹¸å¥½è¿˜ä¼š ""é€‚å¯è€Œæ­¢""ï¼Œè¦ä¸ç„¶çœŸä¸çŸ¥è¿˜æœ‰å“ªé‡Œåˆè¦è¢«æ°´æ·¹äº†ã€‚ğŸ™ğŸ»  Jalan Kibabaig è·¯æ®µä¹Ÿå› ä¸ºåˆšæ‰çš„å¤§é›¨å¯¼è‡´é“è·¯è¢«æ°´æ·¹äº†ï¼Œå±…æ°‘å“€å¹è¿™æ ·çš„æƒ…å†µå›ä¸äº†å®¶äº†ã€‚ğŸ˜“  åœ°ç‚¹: Jalan Kibabaig, Penampang, Sabah. *Source: Whatsapp Grp  #banjir #æ·¹æ°´ #kibabaig #penampang #å…µå—é‚¦",1746189128,4,33,æˆ‘çˆ±æ²™å·´å¤§å–‡å­,,https://scontent.fjdo1-2.fna.fbcdn.net/v/t39.30808-1/348291991_271037601988217_1955711299151367408_n.jpg?stp=cp0_dst-jpg_s80x80_tt6&_nc_cat=102&ccb=1-7&_nc_sid=2d3e12&_nc_ohc=nP4Zt8uFQYoQ7kNvwHMS7V8&_nc_oc=AdlkicKhwkoH6n-SusfdHE8Lw80Lwlg9xlSavcUxGe5vK77KAb2GZl2ALsjUXynOkeE&_nc_zt=24&_nc_ht=scontent.fjdo1-2.fna&_nc_gid=Plp8uHxG521l9K2WSF1FjA&oh=00_AfGWfLaLKLu84fNE1vBKynnZfF9QUaZhuLSjIwmwzjLKlA&oe=681B9484,,,23,0,3,0,0,7
1872447170180474,post,Banjir,1746195227,9,34,Yunlee Chin,,https://scontent.fjdo1-1.fna.fbcdn.net/v/t39.30808-1/448696352_1648893772535816_2274936257043293669_n.jpg?stp=cp0_dst-jpg_s80x80_tt6&_nc_cat=105&ccb=1-7&_nc_sid=e99d92&_nc_ohc=oDEh29-6y5kQ7kNvwFAKfcc&_nc_oc=Adl9GexJCfi9qGUJIestK5XbIys-_gcQu0PY7Bggde9aMgkFYDkTDGGU6Hnl8vVOY7c&_nc_zt=24&_nc_ht=scontent.fjdo1-1.fna&_nc_gid=Plp8uHxG521l9K2WSF1FjA&oh=00_AfGiI55hckNCt1KDpuiGEx3jLuojA92Ow96o5MED8TauAg&oe=681B9FFF,,,18,0,8,0,0,5
1121922836364700,post,"Ya allah.. Boltim sedag tidak baik baik saja.ğŸ˜­ kemarin banjir bandang d togid, mlm ni banjir d buyat arah ratatotokğŸ˜­ insyaallah.. Cpat m surut kasiangğŸ¤²ğŸ˜­  @sorotan #fbpro #fypboltim",1746102779,2,11,Sri Sutrianingsi Mamonto,,https://scontent.flpg4-1.fna.fbcdn.net/v/t39.30808-1/482024291_1082592003631117_6732253880432549073_n.jpg?stp=cp0_dst-jpg_s80x80_tt6&_nc_cat=104&ccb=1-7&_nc_sid=1d2534&_nc_ohc=fbx8ZSHgJ-MQ7kNvwFYFRbM&_nc_oc=AdnAYlZbKJB8qHoPr24dRamWIz6nsZGNiSpGaYYMQu_vg_VmT0TVhPGr6nltGfj7ofI&_nc_zt=24&_nc_ht=scontent.flpg4-1.fna&_nc_gid=MWs262ZMKPLs52V9Spj0Yg&oh=00_AfGn7Ou7woITl4WebT8XoGHdwumKD2CTRBw3KTW53QxUJQ&oe=681B963E,,,9,0,2,0,0,0
1246073490210202,post,Intensas lluvias dejan inundaciones en varias carreteras de Caguas. #LaAutoridadenelTiempo,1746216638,95,1204,Telemundo PR,,https://scontent.flpg4-1.fna.fbcdn.net/v/t39.30808-1/232890773_4327982247248895_3661481210955307450_n.jpg?stp=cp0_dst-jpg_s80x80_tt6&_nc_cat=1&ccb=1-7&_nc_sid=2d3e12&_nc_ohc=HxFOjV875MUQ7kNvwGukkPj&_nc_oc=AdnhHMSgoLkg6LlDzQrB58pnGiSuqLg1cuNNYFAJwXPaTvazQMwyiSetIgtD-w0ji6c&_nc_zt=24&_nc_ht=scontent.flpg4-1.fna&_nc_gid=MWs262ZMKPLs52V9Spj0Yg&oh=00_AfFJv0HhTXBhE6Oktx9Kr1tuxz-rsPHPpK1stC0tZ_Dj0w&oe=681BAC15,,,742,7,98,0,3,345
2482894422042919,post,Banjir lagi  kampoeng etam ...,1746177257,1,39,Fishhunter Bengalon,,https://scontent.flpg4-1.fna.fbcdn.net/v/t39.30808-1/431772026_122112937652229554_8276164691501878624_n.jpg?stp=cp0_dst-jpg_p48x48_tt6&_nc_cat=104&ccb=1-7&_nc_sid=1d2534&_nc_ohc=mM4sC6xUyQsQ7kNvwFWVIVO&_nc_oc=AdnkAywYz6CeR_HQWqcR3xiK0BN8YFph0xnXkwVNz5KCvnIgupdcVq9iNUWTW56cJjs&_nc_zt=24&_nc_ht=scontent.flpg4-1.fna&_nc_gid=MWs262ZMKPLs52V9Spj0Yg&oh=00_AfFfpiEoweXpKXybq01OR9E9r4j1GRqLGSgnDRPSFjPKeg&oe=681BBA3D,,,33,0,3,0,0,3
1347781776435897,post,"Lemito banjir lagi, semoga cepat surut. #banjir",1746223501,48,56,Ida,,https://scontent.fsgn19-1.fna.fbcdn.net/v/t39.30808-1/480792126_1296222678258474_8359914199418189068_n.jpg?stp=c0.0.1080.1080a_cp0_dst-jpg_s80x80_tt6&_nc_cat=109&ccb=1-7&_nc_sid=1d2534&_nc_ohc=-INHf7E-jhMQ7kNvwHM1knh&_nc_oc=AdmjxXxwrDpklkFuezds_uVpeP0nKmn5C7VIQZCViIRMotqd93Po3lYJia4xgpLEdG8&_nc_zt=24&_nc_ht=scontent.fsgn19-1.fna&_nc_gid=hIsmTDI9-Aok64ZJ4wOYLA&oh=00_AfH8T_QKPnmDjeL3v2talvdIa0Gi2RvYrjHdw1iylRKHZQ&oe=681B8CD2,,,44,0,5,0,0,1
1755968744982864,post,"Nyuhunkeun info na Baraya,jalur haurpugur banjir teu nya?ğŸ™",1746201857,2,6,Dudy Sodc,,https://scontent.fsgn19-1.fna.fbcdn.net/v/t39.30808-1/485165747_532066946579345_4096895354176819970_n.jpg?stp=c0.0.600.600a_cp0_dst-jpg_s48x48_tt6&_nc_cat=105&ccb=1-7&_nc_sid=e99d92&_nc_ohc=cRzcCyUyrdgQ7kNvwEVlCFm&_nc_oc=AdnYimWt-D9wiVzKLC00twxem7sd6_0nTxE-G5rB5SFEh3DmW2ndLbKErA7ru9XYXP0&_nc_zt=24&_nc_ht=scontent.fsgn19-1.fna&_nc_gid=hIsmTDI9-Aok64ZJ4wOYLA&oh=00_AfExBhXxZVwHQe2zdSpb01Qn-vgGjJKiXJUJJ9s6tPGZOg&oe=681BBB47,,,6,0,0,0,0,0
3944690872344110,post,Bukit Padang  â¡ï¸ Donggongon  (2/5/2025)  Masa:18:28pm  Banjir  #banjir #Penampang,1746182517,1,22,Tsen Siau Jin,,https://scontent.fsgn19-1.fna.fbcdn.net/v/t39.30808-1/481220299_3279756948838884_3248066558282725021_n.jpg?stp=cp6_dst-jpg_s48x48_tt6&_nc_cat=104&ccb=1-7&_nc_sid=1d2534&_nc_ohc=YxoWPX509m4Q7kNvwFCmSFR&_nc_oc=AdmTJ_7CHpZke7MYmVU9kYwuXRkWr9-BH0e43xy_JCzQVMpAWQjNU5CPbWYXOBcJQS4&_nc_zt=24&_nc_ht=scontent.fsgn19-1.fna&_nc_gid=hIsmTDI9-Aok64ZJ4wOYLA&oh=00_AfGCfHnCc8HMLjKQenHEF1n9Vf6ghhqxjaPKn-u3wFE2Fg&oe=681B8DCB,,,16,0,1,0,0,4
1685886012806531,post,#Banjir Kondisi jalan utama Perumahan Mega Regency Kec. Serang Baru (depan Kantor cabang PDAM Tirta Bhagasasi),1746191439,18,34,Supriadi Erte,,https://scontent.fhan4-3.fna.fbcdn.net/v/t39.30808-1/294992759_927214642007009_7067787213053542641_n.jpg?stp=cp0_dst-jpg_s80x80_tt6&_nc_cat=103&ccb=1-7&_nc_sid=1d2534&_nc_ohc=0re2Zb17lMcQ7kNvwFiZKsz&_nc_oc=AdllXAH5JE6uu5ppSlY1DyPDflMeFrADI_LRT0YG3KarJPrlmGaW9xXTqGqJv216iJ8&_nc_zt=24&_nc_ht=scontent.fhan4-3.fna&_nc_gid=N6aVALTHPYckCaN0S18z9A&oh=00_AfFfPnSSLTUPc54NcWhF6A0IGuXaOKXT_F3-SBFeAVF3Sw&oe=681BBC68,,,31,0,1,0,0,2
1755968744982864,post,"Nyuhunkeun info na Baraya,jalur haurpugur banjir teu nya?ğŸ™",1746201857,2,6,Dudy Sodc,,https://scontent.fhan4-1.fna.fbcdn.net/v/t39.30808-1/485165747_532066946579345_4096895354176819970_n.jpg?stp=c0.0.600.600a_cp0_dst-jpg_s48x48_tt6&_nc_cat=105&ccb=1-7&_nc_sid=e99d92&_nc_ohc=cRzcCyUyrdgQ7kNvwFFzsUd&_nc_oc=AdnQW01tJegf_wyBva99So64h-toOqnFyHQljgeEpPiM7nZWsaj8ZXV_XyDfUq_0uMs&_nc_zt=24&_nc_ht=scontent.fhan4-1.fna&_nc_gid=N6aVALTHPYckCaN0S18z9A&oh=00_AfEhhGcbG5E6lihUAgSzsaapp3cMet8r_tFhm4PEThhReQ&oe=681BBB47,,,6,0,0,0,0,0
3119785821507709,post,Kebanjiran (lagi) jam 2 an air dah naik.  Apa daya lah awak yg punya bayi kembar ini ga bisa bantu omağŸ˜© semoga cepat surut & jadi banjir yg terakhir.,1746232924,22,67,Ayu Andira Batubara,,https://scontent.fhan4-3.fna.fbcdn.net/v/t39.30808-1/281444942_2221732037979763_6655188214187497275_n.jpg?stp=cp0_dst-jpg_s80x80_tt6&_nc_cat=100&ccb=1-7&_nc_sid=1d2534&_nc_ohc=oMtecCAVKoEQ7kNvwHmFRrh&_nc_oc=Adm7zRQiWfnvI7hkNHnUVokpWdnF7PVlDGyLuT-zk-R9hF785rmP3T4dJdWspuymMps&_nc_zt=24&_nc_ht=scontent.fhan4-3.fna&_nc_gid=N6aVALTHPYckCaN0S18z9A&oh=00_AfEpPW5hBUevrMSshDGee7IPzDhUriFAId2BhlVvpVLonA&oe=681B9D0D,,,60,0,6,0,0,0
2967122770142783,post,Ujang kras !! Jangan kan Manado mo banjir . Deng Tondano ini so Banjir dimana-mana ğŸ«£ Tetap siaga yah kalian yang disana ğŸ™,1746100892,30,377,Thalia Pangkey,,https://scontent.faru4-1.fna.fbcdn.net/v/t39.30808-1/492491397_689734826803413_4279911887702991328_n.jpg?stp=cp0_dst-jpg_s48x48_tt6&_nc_cat=100&ccb=1-7&_nc_sid=1d2534&_nc_ohc=NjaICQXpVZ8Q7kNvwFWYg4f&_nc_oc=AdlJLt24ZtEgiatsa_NlI0bYxEWmpFZHbOrjnHrLGYWfVGgTKn0JLkvYaxWgtAQ9lJQ&_nc_zt=24&_nc_ht=scontent.faru4-1.fna&_nc_gid=QxWpYME0aSIxOFhDw1sOag&oh=00_AfHvENcaJy0vtCAlSsMd9E-uzNocze5ewANFf_ZQQ5kSlQ&oe=681BA2DF,,,303,0,6,0,2,30
675730878549696,post,"KEJADIAN BANJIR KILAT DI KG BARU TRINGKAP, CAMERON HIGHLANDS, PAHANG  TRINGKAP, 2 Mei 2025 (Jumaat) â€“ Satu kejadian banjir kilat telah dimaklumkan pada jam lebih kurang 1 Mei 2025 jam lebih kurang 5:30 petang di kawasan Kg Baru Tringkap, Cameron Highlands.   Kejadian ini berlaku disebabkan taburan hujan yang amat lebat bermula dari jam 3 petang sehingga 6 petang. Walaubagaimanapun, air banjir telah mula surut pada jam lebih kurang 8 malam.  Ekoran kejadian ini telah menyebabkan beberapa buah rumah dimasuki air dan beberapa keluarga telah diarahkan dan ditempatkan ke Pusat Pemindahan Sementara (PPS) di Dewan Badminton Kg Tringkap. Pemindahan mangsa melibatkan (14) keluarga yang terdiri daripada (16) orang warganegara Malaysia dan (8) orang warganegara Myanmar. Mengikut peringkat umur, mangsa yang terlibat adalah (22) orang dewasa dan (2) kanak-kanak. Tiada sebarang kemalangan jiwa dan kerosakan harta benda dilaporkan setakat ini.  Beberapa agensi telah dikerahkan untuk memberikan bantuan kepada mangsa. Antaranya adalah PDRM Cameron Highlands, JBPM Cameron Highlands, APM Cameron Highlands, JKM Cameron Highlands, TNB Cameron Highlands, KKM Cameron Highlands dan Alam Flora Cameron Highlands.  Kawalan keselamatan turut dipertingkatkan oleh pihak PDRM Cameron Highlands bagi mengelakkan kejadian pecah rumah dan kecurian berlaku sepanjang mangsa berada di PPS.  Sehingga kini PPS masih dibuka dan sebahagian daripada mangsa telah pulang ke rumah masing - masing bagi membersihkan rumah.  #polisdaerahcameronhighlands  #polismasyarakatberpisahtiada  #PolisDirajaMalaysia  #pdrmPahang  #polismalaysia  #infocameronhighlands #FriendsOfPdrm #MajuTerusPahang #Pahang1st #MalaysiaMADANI",1746168304,1,31,Polis Daerah Cameron Highlands,,https://scontent.faru4-2.fna.fbcdn.net/v/t39.30808-1/401082778_322229230566531_5329835558706039884_n.jpg?stp=cp0_dst-jpg_s80x80_tt6&_nc_cat=103&ccb=1-7&_nc_sid=2d3e12&_nc_ohc=s1D3NXkORc0Q7kNvwHUgM_Y&_nc_oc=Adl8ILRGbApXqfX2JjR6mjkIQVUpuhTliBbI2nfejMvsQJmL4h-rIBWnd0zENeeDVDc&_nc_zt=24&_nc_ht=scontent.faru4-2.fna&_nc_gid=QxWpYME0aSIxOFhDw1sOag&oh=00_AfHcAyibHSVE6NseTCHYpXWy7NXrt41suuuRPp5P52bNnQ&oe=681BB599,,,30,1,0,0,0,0
1704312086840809,post,#banjir #alfamart @sorotan pengikut,1746256973,1,1,Arief Bondol,,https://scontent.faru4-2.fna.fbcdn.net/v/t39.30808-1/490151377_1688617555076929_4451411489944439903_n.jpg?stp=cp0_dst-jpg_s80x80_tt6&_nc_cat=108&ccb=1-7&_nc_sid=1d2534&_nc_ohc=lHyiau4_KLIQ7kNvwG4B_Tf&_nc_oc=Adn-VI9ejAWIAmZz4uu0wYmkJAWcufyflljreMcHxWxWo3hUfAfJ0u1Tx1gPnp-orFg&_nc_zt=24&_nc_ht=scontent.faru4-2.fna&_nc_gid=QxWpYME0aSIxOFhDw1sOag&oh=00_AfGRDS8ZjJ2HOgF5suh391ryXpda-tHW_yDw3MC99qaupg&oe=681BB101,,,1,0,0,0,0,0
1347781776435897,post,"Lemito banjir lagi, semoga cepat surut. #banjir",1746223501,48,56,Ida,,https://scontent.fbsb24-1.fna.fbcdn.net/v/t39.30808-1/480792126_1296222678258474_8359914199418189068_n.jpg?stp=c0.0.1080.1080a_cp0_dst-jpg_s80x80_tt6&_nc_cat=109&ccb=1-7&_nc_sid=1d2534&_nc_ohc=-INHf7E-jhMQ7kNvwGQ1Cku&_nc_oc=AdnN_abz9-EK6YLydhit3W55Wtn7DbpAoM1eMd3K_befK3XxKBU1ywRtEmEZ_pAen2c&_nc_zt=24&_nc_ht=scontent.fbsb24-1.fna&_nc_gid=UrzYWecSlCyHSVhBZcYQ3A&oh=00_AfGBS-u9OfuP5SQWxm3hJDLn2a4nfCwVQI-yGXga2aBrvA&oe=681B8CD2,,,44,0,5,0,0,1
4016512328584788,post,"Sekijap saja hujan turun tadi,terus banjir sudah sini simpang PPR huhu.  #reelsvedio #viralfyp #hujankuat #fyp #jangkauanluas #jalankibabaig",1746177295,47,156,Ju Jurcy,,https://scontent.fbsb24-1.fna.fbcdn.net/v/t39.30808-1/490684110_3994840197418668_6679015877816167053_n.jpg?stp=cp0_dst-jpg_s80x80_tt6&_nc_cat=101&ccb=1-7&_nc_sid=1d2534&_nc_ohc=otjU-bfNBKcQ7kNvwF9Pgmz&_nc_oc=AdkMCMakonjVxFAPs5SGi_iyo_C0E2t0kp3CBoWwo1xh2u_C-3R12fGLxdfnztNeSaY&_nc_zt=24&_nc_ht=scontent.fbsb24-1.fna&_nc_gid=UrzYWecSlCyHSVhBZcYQ3A&oh=00_AfGMaoJzrW3Q_fMeb5WSUjSYWXUbUKcorIr72a1Lxc9EOQ&oe=681BB996,,,150,0,1,0,0,5
1755968744982864,post,"Nyuhunkeun info na Baraya,jalur haurpugur banjir teu nya?ğŸ™",1746201857,2,6,Dudy Sodc,,https://scontent.fbsb24-1.fna.fbcdn.net/v/t39.30808-1/485165747_532066946579345_4096895354176819970_n.jpg?stp=c0.0.600.600a_cp0_dst-jpg_s48x48_tt6&_nc_cat=105&ccb=1-7&_nc_sid=e99d92&_nc_ohc=cRzcCyUyrdgQ7kNvwFkSmSw&_nc_oc=Adkgr9v_pRYphF7EfMpMaFuyqLhpq3nzHwdcIhwgBfQXeJ-9623vlRWeRzXXUnAX0Q0&_nc_zt=24&_nc_ht=scontent.fbsb24-1.fna&_nc_gid=UrzYWecSlCyHSVhBZcYQ3A&oh=00_AfFaCZgBqWn9vOm2M6ij42xcV_Zb6GaqjP-NRKAG28w8MA&oe=681BBB47,,,6,0,0,0,0,0
3119785821507709,post,Kebanjiran (lagi) jam 2 an air dah naik.  Apa daya lah awak yg punya bayi kembar ini ga bisa bantu omağŸ˜© semoga cepat surut & jadi banjir yg terakhir.,1746232924,22,67,Ayu Andira Batubara,,https://scontent.fhan21-1.fna.fbcdn.net/v/t39.30808-1/281444942_2221732037979763_6655188214187497275_n.jpg?stp=cp0_dst-jpg_s80x80_tt6&_nc_cat=100&ccb=1-7&_nc_sid=1d2534&_nc_ohc=oMtecCAVKoEQ7kNvwEgbXRY&_nc_oc=AdnCfqtKCGHjttSCF8jkoVLyoeTtawr62_WfoXyYUuAPVH8b-237adAJqBD6yW1F7f4&_nc_zt=24&_nc_ht=scontent.fhan21-1.fna&_nc_gid=jz5UhN7DEa3QBICnzAHPvQ&oh=00_AfEHD_GWgzN6OtaaPL4pqVSfB7o2Ep0EM-EtyRdwGV3yJg&oe=681B9D0D,,,60,0,6,0,0,0
1173272921200275,post,"Beginilh keadaan d hulu sungai padas hujan dan sungai pun sudh mulai besar pada mlm ni, hati-hati di kwsan yg rendah #banjir",1746197893,14,11,June Amukat,,https://scontent.fhan21-1.fna.fbcdn.net/v/t39.30808-1/459096019_1007935081067394_8318564087241515924_n.jpg?stp=cp0_dst-jpg_s80x80_tt6&_nc_cat=106&ccb=1-7&_nc_sid=1d2534&_nc_ohc=vAgaFKPBNikQ7kNvwGUN6Dd&_nc_oc=Admce_eFbxgon-cl81QwehhdWm6LPL0PHPpLks9FCIJUuucbJUdU4NAttSu2HckCLuY&_nc_zt=24&_nc_ht=scontent.fhan21-1.fna&_nc_gid=jz5UhN7DEa3QBICnzAHPvQ&oh=00_AfGj_syH5fuL9SZRk_CChAMMxNNLccpEIRyaNf2teHC_ow&oe=681B8ED1,,,11,0,0,0,0,0
9786910244729956,post,Info untuk jalan bingkul ya,1746235087,3,36,Theresa Baratus,,https://scontent.fhan21-1.fna.fbcdn.net/v/t39.30808-1/457259411_8158255950880213_9093617136091601932_n.jpg?stp=c0.0.1581.1581a_cp0_dst-jpg_s48x48_tt6&_nc_cat=106&ccb=1-7&_nc_sid=1d2534&_nc_ohc=BMvRn2fzjGoQ7kNvwEtZ9ot&_nc_oc=AdnWoM8VL9YeoiIdgzISifcc5BMmN9MmkIOeYprtf1PElYyAEGnChEve5kSeY3CVqIo&_nc_zt=24&_nc_ht=scontent.fhan21-1.fna&_nc_gid=jz5UhN7DEa3QBICnzAHPvQ&oh=00_AfEQ4pfZFrRyk2D-dr8UQZ21sMjKWfErgpl7LppJI5N4EA&oe=681B867B,,,33,1,0,0,0,1
1101056735386753,post,à¸§à¸´à¸à¸¤à¸•à¸à¸£à¸°à¸£à¸²à¸¡ 2! à¸à¸™à¸à¸£à¸°à¸«à¸™à¹ˆà¸³à¸‹à¹‰à¸³à¹€à¸•à¸´à¸¡ à¸ªà¸°à¸à¸²à¸™à¸‚à¹‰à¸²à¸¡à¹à¸¡à¹ˆà¸™à¹‰à¸³à¸—à¹ˆà¸²à¸ˆà¸µà¸™à¸à¸¥à¸²à¸¢à¹€à¸›à¹‡à¸™à¸—à¸°à¹€à¸¥ à¸–à¸™à¸™à¸ˆà¸¡à¸šà¸²à¸”à¸²à¸¥à¸—à¸±à¹‰à¸‡à¸‚à¸²à¹€à¸‚à¹‰à¸²-à¸­à¸­à¸ à¸ˆà¸£à¸²à¸ˆà¸£à¸•à¸´à¸”à¸‚à¸±à¸”!! #à¸à¸™à¸•à¸à¸«à¸™à¸±à¸à¸¡à¸²à¸ #à¸–à¸™à¸™à¸à¸£à¸°à¸£à¸²à¸¡à¸ªà¸­à¸‡ #à¸ªà¸°à¸à¸²à¸™à¸—à¹ˆà¸²à¸ˆà¸µà¸™ #à¸ˆà¸£à¸²à¸ˆà¸£à¸•à¸´à¸”à¸‚à¸±à¸” #à¸™à¹‰à¸³à¸—à¹ˆà¸§à¸¡ #à¸‚à¹ˆà¸²à¸§à¸Šà¸²à¸§à¸šà¹‰à¸²à¸™  à¸­à¹ˆà¸²à¸™à¸‚à¹ˆà¸²à¸§à¹€à¸à¸´à¹ˆà¸¡à¹€à¸•à¸´à¸¡à¹ƒà¸•à¹‰à¸„à¸­à¸¡à¹€à¸¡à¸™à¸•à¹Œ,1746240419,26,1062,à¸‚à¹ˆà¸²à¸§à¸Šà¸²à¸§à¸šà¹‰à¸²à¸™ - Thai TV Social,,https://scontent-gru1-1.xx.fbcdn.net/v/t39.30808-1/351513472_988204155506261_8456503723379740249_n.jpg?stp=cp0_dst-jpg_s80x80_tt6&_nc_cat=104&ccb=1-7&_nc_sid=2d3e12&_nc_ohc=4RB85zunSzYQ7kNvwEhOPQ0&_nc_oc=AdlmHwIb7pc5mYdPcAFO5mVf8TgbotWbXo6_fc4BBMYi5ORWi8C90JtIPrzewbmNGv8&_nc_zt=24&_nc_ht=scontent-gru1-1.xx&_nc_gid=kThqPQcu7jkm9lyU-kF7xQ&oh=00_AfGT-winVybs6hxJ-ZYaW9ffJeYeyr8iz-Vp9yt99sWsSw&oe=681B8DAD,,,999,2,13,0,2,25
1762752151253917,post,Banjir dtentena,1746211970,7,41,Munir Mnr,,https://scontent-gru1-2.xx.fbcdn.net/v/t39.30808-1/362277825_108459012333144_6236235853226964276_n.jpg?stp=cp0_dst-jpg_s48x48_tt6&_nc_cat=100&ccb=1-7&_nc_sid=e99d92&_nc_ohc=UCJtEJ7kJogQ7kNvwEH_Dqh&_nc_oc=AdnUqpGHFC3Romd7jwQZfwL1PskB9_4-ZbG72Hy4Km_6SBWY6lyhUI7v8UZDMmShsqI&_nc_zt=24&_nc_ht=scontent-gru1-2.xx&_nc_gid=kThqPQcu7jkm9lyU-kF7xQ&oh=00_AfG4fjGcZsGPiNybEC8vkO4CMNjiBAGg20JQ_KMV2CzTbQ&oe=681B91DB,,,37,0,0,0,0,2
1173272921200275,post,"Beginilh keadaan d hulu sungai padas hujan dan sungai pun sudh mulai besar pada mlm ni, hati-hati di kwsan yg rendah #banjir",1746197893,14,11,June Amukat,,https://scontent-gru2-2.xx.fbcdn.net/v/t39.30808-1/459096019_1007935081067394_8318564087241515924_n.jpg?stp=cp0_dst-jpg_s80x80_tt6&_nc_cat=106&ccb=1-7&_nc_sid=1d2534&_nc_ohc=vAgaFKPBNikQ7kNvwG08-aZ&_nc_oc=AdkSCODPiVKqeHkwOCXDDrGzcUqceQAZD18yM4ySfX5mYUGMGbmPWIxbRFMIsjd5GjA&_nc_zt=24&_nc_ht=scontent-gru2-2.xx&_nc_gid=kThqPQcu7jkm9lyU-kF7xQ&oh=00_AfG7ZPz6pN22E3QtycNK2XxGdIqwnrAdxtPOL9Zj4ixRdw&oe=681B8ED1,,,11,0,0,0,0,0
1347781776435897,post,"Lemito banjir lagi, semoga cepat surut. #banjir",1746223501,48,56,Ida,,https://scontent.fcnf4-1.fna.fbcdn.net/v/t39.30808-1/480792126_1296222678258474_8359914199418189068_n.jpg?stp=c0.0.1080.1080a_cp0_dst-jpg_s80x80_tt6&_nc_cat=109&ccb=1-7&_nc_sid=1d2534&_nc_ohc=-INHf7E-jhMQ7kNvwH9D6hJ&_nc_oc=Admoy5X-GzjOngcf5b7Sna0r9rz9iJdlyDCvaR4vHay5L4kTxh7Y9pM9hUk4T1tQq5g&_nc_zt=24&_nc_ht=scontent.fcnf4-1.fna&_nc_gid=M-zqK639nMNEyyDyMUBKFg&oh=00_AfER-5LjPbIIOHXNtZz_zO69hvq0e91AuIgqR2FGtWx0Xw&oe=681B8CD2,,,44,0,5,0,0,1
1173272921200275,post,"Beginilh keadaan d hulu sungai padas hujan dan sungai pun sudh mulai besar pada mlm ni, hati-hati di kwsan yg rendah #banjir",1746197893,14,11,June Amukat,,https://scontent.fcnf4-1.fna.fbcdn.net/v/t39.30808-1/459096019_1007935081067394_8318564087241515924_n.jpg?stp=cp0_dst-jpg_s80x80_tt6&_nc_cat=106&ccb=1-7&_nc_sid=1d2534&_nc_ohc=vAgaFKPBNikQ7kNvwHOU4ir&_nc_oc=AdmVsfKuFzHHQmhsOBqXFLbaP1li428oYUnWTGbYIy1_9QbQQsj-wdQ8c4_26D4Y77U&_nc_zt=24&_nc_ht=scontent.fcnf4-1.fna&_nc_gid=M-zqK639nMNEyyDyMUBKFg&oh=00_AfFZi0ylfgFBVG2FG9y4EujoFP_Gh0eYLGGwxiUODZlh0A&oe=681B8ED1,,,11,0,0,0,0,0
4016512328584788,post,"Sekijap saja hujan turun tadi,terus banjir sudah sini simpang PPR huhu.  #reelsvedio #viralfyp #hujankuat #fyp #jangkauanluas #jalankibabaig",1746177295,47,156,Ju Jurcy,,https://scontent.fcnf4-1.fna.fbcdn.net/v/t39.30808-1/490684110_3994840197418668_6679015877816167053_n.jpg?stp=cp0_dst-jpg_s80x80_tt6&_nc_cat=101&ccb=1-7&_nc_sid=1d2534&_nc_ohc=otjU-bfNBKcQ7kNvwGv4cUp&_nc_oc=AdnqXbdNqQ5DdJgojxd10_bupzsCmAStetHKRQsR2I1p3zycDQyupLMajjEtm32y9vI&_nc_zt=24&_nc_ht=scontent.fcnf4-1.fna&_nc_gid=M-zqK639nMNEyyDyMUBKFg&oh=00_AfHIUd7z_1whInEFUw1zXjD37UAD3rgZjew0Q_pTa_QOeg&oe=681BB996,,,150,0,1,0,0,5
9780819815338999,post,"Assalamualaikum dan salam sejahtera. Mau bagitau saja, sekarang ni hujan lebat n beberapa tempat sudah dinaiki air. Tadi lalu di jalan bingkul boleh lalu lagi even air di kiri kanan jalan. Paras Sg Padas pun time lalu Jabatan Air tadi hampir sama dengan jalan.Rumah biru sebelah binaan jejantas n rumah kuning cair sebelah chan jangan cakapla. So bg mereka yang berhajat ke pekan jangan buang masa proceed saja ke jalan bypass. Sekian, terima kasih.",1746177179,7,48,Nebiula Neb,,https://scontent.fsgn8-4.fna.fbcdn.net/v/t39.30808-1/487305253_2882192198626819_1740130155136985397_n.jpg?stp=cp0_dst-jpg_s48x48_tt6&_nc_cat=108&ccb=1-7&_nc_sid=e99d92&_nc_ohc=GsAbMJ-qY7oQ7kNvwFh9DZp&_nc_oc=Adl4ZL_ECyrmrJ56LRlYlQ6w6nUvIWYSFuaQXsjpeQjN1F2sSKtunOkBxfAHtSlPRHM&_nc_zt=24&_nc_ht=scontent.fsgn8-4.fna&_nc_gid=U7LpFgYjL6FRBv8tUR2BXw&oh=00_AfG3h6sY07m5L_jW0ALb_2wGiImLOGkUQNdrYjlP3EnB1g&oe=681BBAA7,,,47,0,0,0,0,1
1101056735386753,post,à¸§à¸´à¸à¸¤à¸•à¸à¸£à¸°à¸£à¸²à¸¡ 2! à¸à¸™à¸à¸£à¸°à¸«à¸™à¹ˆà¸³à¸‹à¹‰à¸³à¹€à¸•à¸´à¸¡ à¸ªà¸°à¸à¸²à¸™à¸‚à¹‰à¸²à¸¡à¹à¸¡à¹ˆà¸™à¹‰à¸³à¸—à¹ˆà¸²à¸ˆà¸µà¸™à¸à¸¥à¸²à¸¢à¹€à¸›à¹‡à¸™à¸—à¸°à¹€à¸¥ à¸–à¸™à¸™à¸ˆà¸¡à¸šà¸²à¸”à¸²à¸¥à¸—à¸±à¹‰à¸‡à¸‚à¸²à¹€à¸‚à¹‰à¸²-à¸­à¸­à¸ à¸ˆà¸£à¸²à¸ˆà¸£à¸•à¸´à¸”à¸‚à¸±à¸”!! #à¸à¸™à¸•à¸à¸«à¸™à¸±à¸à¸¡à¸²à¸ #à¸–à¸™à¸™à¸à¸£à¸°à¸£à¸²à¸¡à¸ªà¸­à¸‡ #à¸ªà¸°à¸à¸²à¸™à¸—à¹ˆà¸²à¸ˆà¸µà¸™ #à¸ˆà¸£à¸²à¸ˆà¸£à¸•à¸´à¸”à¸‚à¸±à¸” #à¸™à¹‰à¸³à¸—à¹ˆà¸§à¸¡ #à¸‚à¹ˆà¸²à¸§à¸Šà¸²à¸§à¸šà¹‰à¸²à¸™  à¸­à¹ˆà¸²à¸™à¸‚à¹ˆà¸²à¸§à¹€à¸à¸´à¹ˆà¸¡à¹€à¸•à¸´à¸¡à¹ƒà¸•à¹‰à¸„à¸­à¸¡à¹€à¸¡à¸™à¸•à¹Œ,1746240419,26,1062,à¸‚à¹ˆà¸²à¸§à¸Šà¸²à¸§à¸šà¹‰à¸²à¸™ - Thai TV Social,,https://scontent.fsgn8-3.fna.fbcdn.net/v/t39.30808-1/351513472_988204155506261_8456503723379740249_n.jpg?stp=cp0_dst-jpg_s80x80_tt6&_nc_cat=1&ccb=1-7&_nc_sid=2d3e12&_nc_ohc=4RB85zunSzYQ7kNvwGFpg39&_nc_oc=AdlkWQBm2M88rBVSOIqZcmczPNP3Ub-5MtnSBRA61z-KxlcDS3T-mHL3X3q98lhSKQ0&_nc_zt=24&_nc_ht=scontent.fsgn8-3.fna&_nc_gid=U7LpFgYjL6FRBv8tUR2BXw&oh=00_AfENAPk4aEvfhEUITubAI9Hs4q7DsqVANrZowLRGvL_45A&oe=681B8DAD,,,999,2,13,0,2,25
675730878549696,post,"KEJADIAN BANJIR KILAT DI KG BARU TRINGKAP, CAMERON HIGHLANDS, PAHANG  TRINGKAP, 2 Mei 2025 (Jumaat) â€“ Satu kejadian banjir kilat telah dimaklumkan pada jam lebih kurang 1 Mei 2025 jam lebih kurang 5:30 petang di kawasan Kg Baru Tringkap, Cameron Highlands.   Kejadian ini berlaku disebabkan taburan hujan yang amat lebat bermula dari jam 3 petang sehingga 6 petang. Walaubagaimanapun, air banjir telah mula surut pada jam lebih kurang 8 malam.  Ekoran kejadian ini telah menyebabkan beberapa buah rumah dimasuki air dan beberapa keluarga telah diarahkan dan ditempatkan ke Pusat Pemindahan Sementara (PPS) di Dewan Badminton Kg Tringkap. Pemindahan mangsa melibatkan (14) keluarga yang terdiri daripada (16) orang warganegara Malaysia dan (8) orang warganegara Myanmar. Mengikut peringkat umur, mangsa yang terlibat adalah (22) orang dewasa dan (2) kanak-kanak. Tiada sebarang kemalangan jiwa dan kerosakan harta benda dilaporkan setakat ini.  Beberapa agensi telah dikerahkan untuk memberikan bantuan kepada mangsa. Antaranya adalah PDRM Cameron Highlands, JBPM Cameron Highlands, APM Cameron Highlands, JKM Cameron Highlands, TNB Cameron Highlands, KKM Cameron Highlands dan Alam Flora Cameron Highlands.  Kawalan keselamatan turut dipertingkatkan oleh pihak PDRM Cameron Highlands bagi mengelakkan kejadian pecah rumah dan kecurian berlaku sepanjang mangsa berada di PPS.  Sehingga kini PPS masih dibuka dan sebahagian daripada mangsa telah pulang ke rumah masing - masing bagi membersihkan rumah.  #polisdaerahcameronhighlands  #polismasyarakatberpisahtiada  #PolisDirajaMalaysia  #pdrmPahang  #polismalaysia  #infocameronhighlands #FriendsOfPdrm #MajuTerusPahang #Pahang1st #MalaysiaMADANI",1746168304,1,31,Polis Daerah Cameron Highlands,,https://scontent.fsgn8-4.fna.fbcdn.net/v/t39.30808-1/401082778_322229230566531_5329835558706039884_n.jpg?stp=cp0_dst-jpg_s80x80_tt6&_nc_cat=103&ccb=1-7&_nc_sid=2d3e12&_nc_ohc=s1D3NXkORc0Q7kNvwHyx9Mb&_nc_oc=Adlsa3pwGholRQ228e4U6ZCOCZn8VqzDKJwGQbjZRN2l4fMaryZTX_dv8hxSZoShUWU&_nc_zt=24&_nc_ht=scontent.fsgn8-4.fna&_nc_gid=U7LpFgYjL6FRBv8tUR2BXw&oh=00_AfEsP_fUPvvrTAH9dKHrzCMPs8SdGFlrboRyslFUzfCwnA&oe=681BB599,,,30,1,0,0,0,0
3944690872344110,post,Bukit Padang  â¡ï¸ Donggongon  (2/5/2025)  Masa:18:28pm  Banjir  #banjir #Penampang,1746182517,1,22,Tsen Siau Jin,,https://scontent.felo1-1.fna.fbcdn.net/v/t39.30808-1/481220299_3279756948838884_3248066558282725021_n.jpg?stp=cp6_dst-jpg_s48x48_tt6&_nc_cat=104&ccb=1-7&_nc_sid=1d2534&_nc_ohc=YxoWPX509m4Q7kNvwF8oWxy&_nc_oc=AdlBZRVdhkqwJdpESSoELVUJz9RzhrGMC-Q_ShvXVVXUGxTC6yN8g2ZuSjtMvnerzQ4&_nc_zt=24&_nc_ht=scontent.felo1-1.fna&_nc_gid=dCIl68FgRJHBM2Cexhme6Q&oh=00_AfHD6wTn_6TdYTGNvUsZ-ev6hHJFw7O03QLfaNeFNVIgNw&oe=681B8DCB,,,16,0,1,0,0,4
1755968744982864,post,"Nyuhunkeun info na Baraya,jalur haurpugur banjir teu nya?ğŸ™",1746201857,2,6,Dudy Sodc,,https://scontent.felo1-1.fna.fbcdn.net/v/t39.30808-1/485165747_532066946579345_4096895354176819970_n.jpg?stp=c0.0.600.600a_cp0_dst-jpg_s48x48_tt6&_nc_cat=105&ccb=1-7&_nc_sid=e99d92&_nc_ohc=cRzcCyUyrdgQ7kNvwFmTL9z&_nc_oc=AdmVKcNCALhYXfp58Crx0PK0U_DcnkZkhLawfX-TXq433XAJHU8MFwETWArdPOgdD_k&_nc_zt=24&_nc_ht=scontent.felo1-1.fna&_nc_gid=dCIl68FgRJHBM2Cexhme6Q&oh=00_AfE6c6hd583Qoj4xHRF769YJMsi8f7a2Qh2ZxIkRFFK0cw&oe=681BBB47,,,6,0,0,0,0,0
9777289385692042,post,InfoÂ² dulu banjir di Beaufort ni,1746140556,8,59,Anonymous participant,,https://scontent.felo1-1.fna.fbcdn.net/v/t39.35477-6/480548272_28668883916060800_4666502728748875688_n.jpg?stp=cp0_dst-jpg_s50x50_tt6&_nc_cat=1&ccb=1-7&_nc_sid=ee2d7f&_nc_ohc=8_1y8ryFHzYQ7kNvwGBov7X&_nc_oc=AdlPU62PorCuoRHi-hAv7LSv31sSsdM15WNikFfKYQdPMOxP1HpbZzRfxIiWi2LHMoM&_nc_zt=14&_nc_ht=scontent.felo1-1.fna&_nc_gid=dCIl68FgRJHBM2Cexhme6Q&oh=00_AfGAppOJnHtJjKOgiPBU2YwlRkm0FfMEA2Fi_V3VpJyLtA&oe=681B8CF9,,,59,0,0,0,0,0
1101056735386753,post,à¸§à¸´à¸à¸¤à¸•à¸à¸£à¸°à¸£à¸²à¸¡ 2! à¸à¸™à¸à¸£à¸°à¸«à¸™à¹ˆà¸³à¸‹à¹‰à¸³à¹€à¸•à¸´à¸¡ à¸ªà¸°à¸à¸²à¸™à¸‚à¹‰à¸²à¸¡à¹à¸¡à¹ˆà¸™à¹‰à¸³à¸—à¹ˆà¸²à¸ˆà¸µà¸™à¸à¸¥à¸²à¸¢à¹€à¸›à¹‡à¸™à¸—à¸°à¹€à¸¥ à¸–à¸™à¸™à¸ˆà¸¡à¸šà¸²à¸”à¸²à¸¥à¸—à¸±à¹‰à¸‡à¸‚à¸²à¹€à¸‚à¹‰à¸²-à¸­à¸­à¸ à¸ˆà¸£à¸²à¸ˆà¸£à¸•à¸´à¸”à¸‚à¸±à¸”!! #à¸à¸™à¸•à¸à¸«à¸™à¸±à¸à¸¡à¸²à¸ #à¸–à¸™à¸™à¸à¸£à¸°à¸£à¸²à¸¡à¸ªà¸­à¸‡ #à¸ªà¸°à¸à¸²à¸™à¸—à¹ˆà¸²à¸ˆà¸µà¸™ #à¸ˆà¸£à¸²à¸ˆà¸£à¸•à¸´à¸”à¸‚à¸±à¸” #à¸™à¹‰à¸³à¸—à¹ˆà¸§à¸¡ #à¸‚à¹ˆà¸²à¸§à¸Šà¸²à¸§à¸šà¹‰à¸²à¸™  à¸­à¹ˆà¸²à¸™à¸‚à¹ˆà¸²à¸§à¹€à¸à¸´à¹ˆà¸¡à¹€à¸•à¸´à¸¡à¹ƒà¸•à¹‰à¸„à¸­à¸¡à¹€à¸¡à¸™à¸•à¹Œ,1746240419,26,1062,à¸‚à¹ˆà¸²à¸§à¸Šà¸²à¸§à¸šà¹‰à¸²à¸™ - Thai TV Social,,https://scontent.fcgh13-1.fna.fbcdn.net/v/t39.30808-1/351513472_988204155506261_8456503723379740249_n.jpg?stp=cp0_dst-jpg_s80x80_tt6&_nc_cat=1&ccb=1-7&_nc_sid=2d3e12&_nc_ohc=4RB85zunSzYQ7kNvwEECAiJ&_nc_oc=Adn5HWs9irVr9MqoZt4nSjrn1up3djmkzT6jAij9lmffJjuVXmPdJYwWZrQOQPRau8U&_nc_zt=24&_nc_ht=scontent.fcgh13-1.fna&_nc_gid=xDDkIjLfI9Zbnq2FuOfMbQ&oh=00_AfFO3oKVQ6MTLWWnhDleusGTKB-fsyJZ-y2sl7-CP_L05w&oe=681B8DAD,,,999,2,13,0,2,25
661396400017646,post,Waduhh banjir ulang... Moga cepat surut..ğŸ™ Tuhan tolong sdrÂ² kami yg ada disanağŸ¤²ğŸ˜ @sorotan  #reels #pemula  #semuaorang,1746153156,51,34,Sarlota Lampelulu,,https://scontent.fcgh13-1.fna.fbcdn.net/v/t39.30808-1/494536554_658845630272723_7623152903964602120_n.jpg?stp=cp0_dst-jpg_p80x80_tt6&_nc_cat=110&ccb=1-7&_nc_sid=1d2534&_nc_ohc=z17JymN-ZmIQ7kNvwH0bhyP&_nc_oc=Adk9rD1O6BJWaLGQaJQ6XY94dVjmbfseUr6calrlgrIM8yR1NzxjVMXDcbwnUxdvQ08&_nc_zt=24&_nc_ht=scontent.fcgh13-1.fna&_nc_gid=xDDkIjLfI9Zbnq2FuOfMbQ&oh=00_AfH_8vGKmi6z-P9ULed4wf41Fqd6vAGSQVMCmxkFCgRoqg&oe=681BB591,,,21,0,1,0,0,6
122126777696753878,post,#reels #fbpro #jangkauanlaus #banjir #kahalailir,1746253147,17,21,Siti Mawarni,,https://scontent.fcgh13-1.fna.fbcdn.net/v/t39.30808-1/474466989_122094024278753878_2842463828267646981_n.jpg?stp=cp0_dst-jpg_s80x80_tt6&_nc_cat=104&ccb=1-7&_nc_sid=1d2534&_nc_ohc=wHtRdznZjHIQ7kNvwFoFhD_&_nc_oc=Adl_DDVq2bPDLpGhJH-L6vs3LUS_f6RhYF-ng-OmQ5Aj0p0Y1JVOZ80RtuX_R7KYrA8&_nc_zt=24&_nc_ht=scontent.fcgh13-1.fna&_nc_gid=xDDkIjLfI9Zbnq2FuOfMbQ&oh=00_AfHWvFY9XizX6_X6YweO1ua5XtX5iNSIicnoVNtW9oMRaQ&oe=681B995C,,,21,0,0,0,0,0
122128674740694237,post,Breaking News !  Kondisi terkini sungai Salubua di Kec. Suli Barat siang ini. Warga diharapkan tetap waspada ğŸ™  Source : Laporan Warga  #Banjir #Waspada #BreakingNews #Luwu,1746253042,2,18,A24 Media,,https://scontent-poa1-1.xx.fbcdn.net/v/t39.30808-1/471256780_1835930850546590_5120132289744615103_n.jpg?stp=cp0_dst-jpg_s80x80_tt6&_nc_cat=101&ccb=1-7&_nc_sid=2d3e12&_nc_ohc=o-2Dfi5a-3oQ7kNvwGpHScS&_nc_oc=Admt2gYUPaB3ReRedjYt4J06gG3DfE5IcJJow7XFB-LRsg0Mic7gAnSF_T6E-iNbkTs&_nc_zt=24&_nc_ht=scontent-poa1-1.xx&_nc_gid=I1E0JzLW9Hhx4HLXmQ-xGA&oh=00_AfHzeDB3XnJ8uQ1TKyY8Gz0QzL396ho1NfC-wUYfKOPitA&oe=681BAAC9,,,14,0,2,0,0,0
1114353947399245,post,"This video submitted by Janai Craft captured a Caddo school bus floating through floodwater on Youree Drive. Thankfully, the bus driver and student on board were rescued. â£ https://tinyurl.com/5cs5593f",1746229774,181,1021,KSLA News 12,,https://scontent-poa1-1.xx.fbcdn.net/v/t39.30808-1/341542029_250039357410911_9021644835225848683_n.png?stp=cp0_dst-png_s80x80&_nc_cat=104&ccb=1-7&_nc_sid=2d3e12&_nc_ohc=q32oSZpssjIQ7kNvwGOs1K0&_nc_oc=Adkz0vtTUanrAe5mL5QO7uPyzCy0hTGwn3TNv8crdOoppLSaRLHBICm63f-wYMSTY8c&_nc_zt=24&_nc_ht=scontent-poa1-1.xx&_nc_gid=I1E0JzLW9Hhx4HLXmQ-xGA&oh=00_AfHutfUuODK91kIIVGBweV6Ir15dokgW633AJqvhIHD7gA&oe=681BAB16,,,412,9,32,0,5,519
1092518462922108,post,"FLASH FLOODING ongoing in parts of Chattanooga, especially in Hixson. This is from the TDOT Smartway camera at Highway 153/Hamill Road, showing flooding near that 7/11 gas station. NWS Morristown reporting parts of Hixson Pike are two feet under water",1746229677,66,693,WDEF News 12,,https://scontent-poa1-1.xx.fbcdn.net/v/t39.30808-1/311325573_479233830917244_5780730824640889727_n.jpg?stp=cp0_dst-jpg_s80x80_tt6&_nc_cat=107&ccb=1-7&_nc_sid=2d3e12&_nc_ohc=40KZxyIrhtMQ7kNvwGK4Zwl&_nc_oc=Adm35iVQmGTJbhD2xhSZO8G3m41-wRpkq1gMhREhHV23RNcpgRzN6ionDp-DItO_51g&_nc_zt=24&_nc_ht=scontent-poa1-1.xx&_nc_gid=I1E0JzLW9Hhx4HLXmQ-xGA&oh=00_AfGHqlrXNpHjKxATW0bGfwOHum_Z3V88JArN1xhNynKSDA&oe=681B9136,,,346,2,20,0,4,303
668108845977097,post,Beginilah kalo Ujang berhari hari Pasti air nae #sabah #banjir #laricepat #batoboğŸ¤£ğŸ¤£,1746243190,24,34,Perawaty Oka,,https://scontent.fbhz1-1.fna.fbcdn.net/v/t39.30808-1/457519278_489015893886394_3443563272056095616_n.jpg?stp=cp0_dst-jpg_p80x80_tt6&_nc_cat=106&ccb=1-7&_nc_sid=1d2534&_nc_ohc=tn3ANjUq6CUQ7kNvwFsOzbm&_nc_oc=Adne8gTxhG9RqBRhk1L4ooKcymfdUmRAQoTrIdmmBBpH5DEQ0WdA2hcDr_ja2_NheXs&_nc_zt=24&_nc_ht=scontent.fbhz1-1.fna&_nc_gid=wuWx1PRbacZcCDODxN4Teg&oh=00_AfEKC2swDrHMa2s2W5hsAJt9yozQ8Py0i8-Cnyd5LKhE3Q&oe=681B91F3,,,27,1,0,0,0,3
10077534585610899,post,Info banjir jalan kibabaig hati2 korang yang nak lalu sini,1746178691,2,29,Hanan Khairah Muhammad Zuhdi,,https://scontent.fbhz1-1.fna.fbcdn.net/v/t39.30808-1/495539759_4165860733646369_6023834159016811525_n.jpg?stp=cp0_dst-jpg_s48x48_tt6&_nc_cat=103&ccb=1-7&_nc_sid=1d2534&_nc_ohc=rLw0EJyUZ70Q7kNvwExBVDh&_nc_oc=AdkaCFcAHTgmege9JWKO9fyDcyymSrhtH7Eabeiba4432cQpxkQmlXMwqB-noi9z3lc&_nc_zt=24&_nc_ht=scontent.fbhz1-1.fna&_nc_gid=wuWx1PRbacZcCDODxN4Teg&oh=00_AfFqiRbtJB6cr42wBuigMCH0gRHcRNVCVhqhqCDhiC4FBA&oe=681B99F5,,,29,0,0,0,0,0
9452919741483139,post,"Sesiapa yang tinggal di hilir sungai Padas di minta berhati hati, kerana hulu sungai Maligan sudah banjir. #Info  #banjir",1746193648,18,35,Andy William Jr.,,https://scontent.fbhz1-2.fna.fbcdn.net/v/t39.30808-1/277252922_4777409729034187_8849949587141590422_n.jpg?stp=cp0_dst-jpg_p80x80_tt6&_nc_cat=109&ccb=1-7&_nc_sid=1d2534&_nc_ohc=abGLpFRZ1G0Q7kNvwGFr_uw&_nc_oc=AdlaCcTpLhz7MstSlHyM2zJ9Vt21YNZrfJWozVGM2nha9sCYSctmD5LpRJTLysweRD4&_nc_zt=24&_nc_ht=scontent.fbhz1-2.fna&_nc_gid=wuWx1PRbacZcCDODxN4Teg&oh=00_AfFyd07FBwfFb0eCjE_BwfFqJi2rXwCSLCjq_gPIHKIP3A&oe=681B9D44,,,34,0,0,0,0,1
