tweet_id,tweet_text,tweet_created_at,tweet_hashtags,location,user_id,user_name,user_screen_name,verified,verification_type,user_followers_count,professional_type,tweet_images
1925528521390067904,"@FireDolphin2211 @SirSnipeyy Shoot the guy in the armor they can't shoot through, who just hopped  on the middle of them and who is now encircled by their own men.  The complaint would then be ""how dumb are these storm troopers to open fire on their own men""",Thu May 22 12:25:48 +0000 2025,null,,1815967813078769666,Coastal Tiger,Coastal_Tiger,False,null,20,null,null
1925526671290978724,"More storm chances and warm temps are on the way, but a spell of cooler weather is set to follow.

Today will be warm and humid with highs around 90Â°. A front is headed our way, which will fire storms north of our area this afternoon/evening. Models have shown storms arrivingâ€¦ https://t.co/cInLRHL0uw",Thu May 22 12:18:27 +0000 2025,null,"Waxahachie, TX",3897288074,South Metro Weather,sometweather,False,null,1604,Business,https://pbs.twimg.com/media/GrjVksrWoAIaDCN.jpg
1925525155570225241,"@infovlogger36 Semitas produciendo antisemitas, es la ostia vivir estÃ¡ Ã©poca",Thu May 22 12:12:26 +0000 2025,null,,1079129441878663168,SkaÃ°i,Fire_IceStorm,False,null,9,null,null
1925522947328155853,"@MAGAVoice As Epictetus might say, a noble soul is forged in the fire of moral effort, and in doing so, we rise above the storm within.",Thu May 22 12:03:39 +0000 2025,null,,3227381620,lil nish,nish_lil,False,null,6,null,null
1925521978301235563,@jasmina_fella Stay safe. All to aware of flood fire Australia,Thu May 22 11:59:48 +0000 2025,null,Australia,1604446102258085893,DaveOldSeaFellağŸ‡ºğŸ‡¦ğŸ‡¦ğŸ‡º,Dave76855301,False,null,1455,null,null
1925520930589085980,Sunshine instead of a storm on my bday morning seems like a blessing fr big up the man above,Thu May 22 11:55:38 +0000 2025,null,Trinidad and Tobago,1004563769807310848,Annalise,AnnaMayFire,False,null,512,null,null
1925519277387366480,"This week for #ThrowbackThursday, we go back to April 29th, 2012. Ambulance 4417 took a beating from hail and was damaged after responding to a call during a powerful spring storm. Fast forward to this past week, and once again, spring in St. Louis is showing its force. This isâ€¦",Thu May 22 11:49:04 +0000 2025,ThrowbackThursday,2600 Schuetz Road,1346517725766627329,Maryland Heights Fire Protection District,MarylndHgtsFire,False,null,389,null,null
1925517807292485895,"@Batman2242 lol, not me bro, I wouldn't piss on them if they were on fire.
Federal or State
What they have done to this country in 3 years, is treason to Australian values, Albanese inc. is a tyrant
Putting it politely too https://t.co/YHC7cF6YAr",Thu May 22 11:43:14 +0000 2025,null,ğŸ‡¦ğŸ‡º,1506924887394295810,StormWatch ğŸ‡¦ğŸ‡º,StormWatch12345,False,null,435,null,https://pbs.twimg.com/media/GrjPndUbcAAIlTL.jpg
1925516842103390648,"Let our love set fire the world,
A raging storm no soul can tame.
Infernos roar where hearts have twirled,
Consuming all in fierce, wild flame.

Weâ€™ll watch it burn, this fierce desire,
Ashes fall like whispered cries.
From burning depths, we rise, inspireâ€”",Thu May 22 11:39:24 +0000 2025,null,India,1154311795550478336,ShailenğŸ‡®ğŸ‡³ğŸ‡®ğŸ‡³ğŸ‡®ğŸ‡³,Shailen26551703,False,null,1741,null,null
1925515409375015180,"At the end of all things, where eras collide and reality breaks, Vexar waits â€” cloaked in the stolen futures of a broken world.And Elara walks into that storm with fire in her eyes and time in her grasp. (9/9)",Thu May 22 11:33:42 +0000 2025,null,,1918099616027033602,Chronosmith's Collective,ChronosmithSaga,False,null,13,Business,null
1925514871552049214,"Breaking | Al-Awda Hospital: Israeli military vehicles storm the hospital courtyard in Tal Al-Zaatar, northern Gaza, and open heavy fire in the area. https://t.co/cQSMeadoSe",Thu May 22 11:31:34 +0000 2025,null,ZiO butchering HQ,3076265309,Amina,bla_blu_ble,False,null,1630,null,https://pbs.twimg.com/media/GrjNkOgXYAAnGxM.jpg
1925514847208296910,Argh! Nothing I couldnâ€™t fix. Thatâ€™s why they hired Debugger https://t.co/fRjW7iGhK3,Thu May 22 11:31:28 +0000 2025,null,? ,576588040,Khan Debugger ğŸ•·ï¸,_StormHaze,False,null,4597,Creator,null
1925513935438193009,Indeed but I donâ€™t hear too many joining the dots â€¦ #ClimateEmergency and sadly the  â€œworst flooding in their livesâ€ will be seen again and more often.  #IntenseWeatherEvents #flood #fire #drought all exacerbated by #ClimateCrisis  #NoNewCoal #NoNewGas #Auspol2025,Thu May 22 11:27:51 +0000 2025,"ClimateEmergency,IntenseWeatherEvents,flood,fire,drought,ClimateCrisis,NoNewCoal,NoNewGas,Auspol2025",Also @coonavass@mstdn.social ,2429615682,ğŸ’§ğŸŒRosemary Vass 6xğŸ’‰,coonavass,False,null,4732,null,null
1925511409917390957,"@MurrayDE1 @DanShappir @rules_of_izzy @EylonALevy When they arrived at Lebanon, they ruined the country. In Jordan, they killed the leader. It doesn't matter whether they get a passport or dignity if the only thing they do is massacre the local population in order to take control of the country",Thu May 22 11:17:49 +0000 2025,null,,1344231623852756992,FireğŸ‡®ğŸ‡±ğŸ—,FireStorm372,False,null,2,null,null
1925510498021249198,"sometimes I forget the things I went through

like damn, I really made it out the flood and fire

so much promise at a young age, a prodigyâ€”â€”

and it was all taken away too soonâ€¦or was it: 

She granted me a phD before I was 15:",Thu May 22 11:14:11 +0000 2025,null,"Maumelle, AR",1353194777538424837,B. Fredamus,ShadowHermes_,False,null,121,null,null
1925510493151662222,"ğŸ’¯

For example if they were flood or earthquake survivor n help is being offered by non speaking local language then will they say i will only get help from person who speak local?? or would be glad someone comes to help them to safe place.....will not say they should live local",Thu May 22 11:14:10 +0000 2025,null,,246907768,Poonam (NOT part of any Fandom),itzmepoonam,False,null,268,null,null
1925510445202637162,"Imagining Buck and Tommy are on vacation in Indonesia and something went wrong, either a Volcanic mountain erupting, a terrorist bomb attack, or earthquake, or even flood, and they went, lets go save people, and then people just went, ""Iki loh rong bule, guanteng poll, artis po?""",Thu May 22 11:13:59 +0000 2025,null,,1912875905325903872,JT Ikneesias,ikneesias,False,null,78,null,null
1925510051285885288,"@Dani_Blek @geertwilderspvv Hello sir, Don't fight fire with a fire storm. Please. Now you are just shifting the focus on your own crimes. I wish for a more mature approach. Condemn terror attacks on an international scale, but dont become a terrorist yourself! You hate gaza more than they hate you it seems",Thu May 22 11:12:25 +0000 2025,null,"Amsterdam, Nederland",1177551162163306496,died,UltraDied,False,null,68,null,null
1925508801824006223,"STORY | UP storm triggers factory fire, wall collapse, accidents; 8 killed

READ: https://t.co/yhlHPQWSVG https://t.co/QWZSFQH3fU",Thu May 22 11:07:27 +0000 2025,null,"New Delhi, India",245687754,Press Trust of India,PTI_News,False,null,4419643,Business,null
1925508409954099296,"UP storm triggers factory fire, wall collapse, accidents; 8 killed
https://t.co/IXeSXi1GTj

#Storm #Factory #Rain #Noida #NoidaRains #Accident #UttarPradesh https://t.co/rNSOnxxf6e",Thu May 22 11:05:53 +0000 2025,"Storm,Factory,Rain,Noida,NoidaRains,Accident,UttarPradesh",India,1447848020997857283,NewsDrum,thenewsdrum,False,null,1754,Business,https://pbs.twimg.com/media/GrjHJOQasAAQ5iF.jpg
1925504915817808243,"@grantbuttenshaw @QuentinDempster It's a favorite meme. See a rain event or storm or fire and run it through the echo chamber to trumpet it through the media, voila! something to run scared from. Henny Penny begged for such a megaphone.
https://t.co/wRlxIL8XYY

https://t.co/1U4PgPYHJL",Thu May 22 10:52:00 +0000 2025,null,United States,193860535,Kevin Hofner,kevhof52,False,null,185,null,null
1925503304630489526,This oke couldnâ€™t even get indentation correct yazi umuntu ongacabangi. Itâ€™s a mess,Thu May 22 10:45:36 +0000 2025,null,? ,576588040,Khan Debugger ğŸ•·ï¸,_StormHaze,False,null,4597,Creator,null
1925503222451482661,"@Storm_The_Fire @CatFoxYT Dice que pasa un momento difÃ­cil, pero no explica, solo (en Discord) se la pasa diciendo ""Me voy a suicidar"", entre otras cosas
Tiene 15 aÃ±os y sigue jodiendo con eso",Thu May 22 10:45:17 +0000 2025,null,,1832908646268727296,Gerito :),Gerito_X,False,null,4,null,null
1925502760679539029,"Israeli occupation forces storm the area surrounding Abu-Baker Al-Siddiq mosque, Aqraba town in Nablus in the occupied West Bank.

Israeli settlers have attempted to set fire to this mosque just this morning. https://t.co/aX94sUgaQO",Thu May 22 10:43:26 +0000 2025,null,"London, England",524869533,Quds News Network,QudsNen,False,null,574513,null,https://pbs.twimg.com/media/GrjCjGqWwAApvpG.jpg
1925502097325531590,@aryarya ãƒ‰ã‚¯ã‚º,Thu May 22 10:40:48 +0000 2025,null,æ—¥æœ¬ ,1508813079081275395,ğŸ‚æ¥½äººâ˜€ï¸â˜ƒï¸FIRE,20223FIRE_storm,False,null,980,null,null
1925498290155442299,"$RARI frog council just announced an airdrop to all wallets staking at least 420.69 $TOAD. Fundamentals are 'dumpster fire', but hype is off the chain. Potential for a 100x if you HODL through the meme storm - risk level 'Kekistani'",Thu May 22 10:25:41 +0000 2025,null,,1125928697439981568,Aiurserenity,AiurserenityMK,False,null,1816,null,null
1925497091243040870,"Futures steady after the storm ğŸŒ«ï¸

ğŸ”¹ $SPX +0.1%
ğŸ”¹ $NDX +0.2%
ğŸ”» $DJIA flat after 800pt wipeout
ğŸ”¹ $US10Y at 4.59% â€“ eyes still on yields
ğŸ”¹ Deficit + Trump budget bill = inflation overhang
ğŸ”¹ $BTC ripping thru $111K â€“ risk shifting to crypto?

Calm openâ€¦ but the fire's stillâ€¦",Thu May 22 10:20:55 +0000 2025,null,,1521256895809753088,Jon henson,Bezel4455,False,null,1510,Business,null
1925494239846441194,"@SandraEckersley @helenbirt2 Climate â€œletting you downâ€? You mean natural occurrence like flood, fire, drought I assume?
What is the need to â€œactâ€ exactly? You must think the theory is fact do you?
Prove to me the climate has changed.",Thu May 22 10:09:35 +0000 2025,null,,1361559316558352385,Jimmy James,sandmanute,False,null,306,null,null
1925494131192692976,"908. The fire of resistance must burn stronger than ever. This is the time to reject fear and become a storm that no force can contain.
@TeamiPians
#Ø¹ÙˆØ§Ù…_Ù…Ø§Ù†Ú¯Û’_Ø®Ø§Ù†_Ú©ÛŒ_Ø±ÛØ§Ø¦ÛŒ",Thu May 22 10:09:09 +0000 2025,Ø¹ÙˆØ§Ù…_Ù…Ø§Ù†Ú¯Û’_Ø®Ø§Ù†_Ú©ÛŒ_Ø±ÛØ§Ø¦ÛŒ,Pluto ,1654611343985475584,its_Dracula â±á´¾â±áµƒâ¿ğŸ‡µğŸ‡¸ğŸ‡µğŸ‡°,Dracula_Pagal,False,null,1105,null,null
1925492901146239338,@neoulneoul ã€ŒFire stormã€,Thu May 22 10:04:16 +0000 2025,null,"Sinchon, Seoul, Korea",283881311,tilt,barTILT,False,null,16419,null,null
1925491687620493512,"@derpo377 I'm I tripping or did the storm trollers literally never fire a single shot? We joke about storm troopers missing all the time, but not bothering to shoot at all?",Thu May 22 09:59:26 +0000 2025,null,,1637696307111313409,lowkeyGPT,lowkeyGPT,False,null,240,null,null
1925491323231961481,"ğŸ¬ Directed by #NandaKishore
ğŸ¥ Backed by #ShobhaKapoor, #EktaaRKapoor, #ConnekktMedia &amp; #BalajiTelefilms

#Vrushabha is not just a film â€” itâ€™s a storm of love, revenge &amp; legacy! ğŸ”¥
High-octane action + emotional depth = PURE CINEMATIC FIRE! ğŸ’¥

#Diwali2025 #VrushabhaRoars",Thu May 22 09:58:00 +0000 2025,"NandaKishore,ShobhaKapoor,EktaaRKapoor,ConnekktMedia,BalajiTelefilms,Vrushabha,Diwali2025,VrushabhaRoars",,1175340015708246016,SD Filmy News,SDFilmyNews,False,null,194,null,null
1925490060956508602,"Kiara walking through fire but making it fashion
That calm face hides a storm we all feel
Sheâ€™s the silent warrior of this sale
#MyntraEORS speaks our truth https://t.co/mZpOwjxzPV",Thu May 22 09:52:59 +0000 2025,MyntraEORS,Maharashtra ,1780590102680637440,Surya Bagal,surya_kumbh3,False,null,181,null,https://pbs.twimg.com/media/Gri0XEQboAQZTRG.jpg
1925489732974424522,"Massive Fire During Storm Destroys 200 Houses in Uttar Pradesh's Budaun District

Read Full News...
https://t.co/eUGsmXWeT1

#BudaunFire #StormDamage #DisasterRelief #FireTragedy #EmergencyResponse #UttarPradeshNews #PublicSafety
#felanews #felanewsenglish https://t.co/PpWfsVYl7K",Thu May 22 09:51:40 +0000 2025,"BudaunFire,StormDamage,DisasterRelief,FireTragedy,EmergencyResponse,UttarPradeshNews,PublicSafety,felanews,felanewsenglish","New Delhi, Delhi",1554443014008754176,FELA NEWS (Write for Right),fela_news,False,null,262,Business,https://pbs.twimg.com/media/Gri2sAIboAMpFNf.jpg
1925489357269475570,@kagiso745 ğŸ˜‚ğŸ˜‚ğŸ˜‚ https://t.co/4rZyZxqRyc,Thu May 22 09:50:11 +0000 2025,null,? ,576588040,Khan Debugger ğŸ•·ï¸,_StormHaze,False,null,4597,Creator,null
1925488004191125619,"Quetta storm their way into the final! âš¡ï¸
Saud Shakeel leads with calm, bowlers deliver with fire ğŸ”¥
Catch the latest podcast on the link below  to hear the full analysis of the game with @Saad10Nasir @DeafMango 

https://t.co/TQJjPtRuho 

#quettagladiators #pslx https://t.co/CUCuHxk1NY",Thu May 22 09:44:48 +0000 2025,"quettagladiators,pslx",Islamabad,1715312649356083200,ProSports,Pro_SportsPK,False,null,616,null,https://pbs.twimg.com/media/Gri1IS5XgAEl6gq.jpg
1925487657385435253,"""Even if someone had pressed the button at the Fire Department, city officials learned Tuesday that the button was not working.""

St. Louis tornado sirens didn't sound in deadly storm. Now a city commissioner has been placed on leave. https://t.co/8KP0dfdf8v https://t.co/EpRm8TtWY8",Thu May 22 09:43:26 +0000 2025,null,"California, Oceania",1532963154,skepticalifornia,skepticaliblog,False,null,4037,null,https://pbs.twimg.com/media/Gri0oSbboAEOaoe.png
1925487112927027306,"A storm in #Badaun, Uttar Pradesh, caused a mentha factoryâ€™s #chimney to #collapse last night, triggering a massive fire. The blaze intensified as numerous #nitrogen cylinders exploded. 

Over 50 fire #engines have been battling the #inferno for 12 hours, with efforts ongoing toâ€¦ https://t.co/KoEOQWsB2c",Thu May 22 09:41:16 +0000 2025,"Badaun,chimney,collapse,nitrogen,engines,inferno",,1631202535360040967,FOEJ Media,FoejMedia,False,null,2645,Business,null
1925528521390067904,"@FireDolphin2211 @SirSnipeyy Shoot the guy in the armor they can't shoot through, who just hopped  on the middle of them and who is now encircled by their own men.  The complaint would then be ""how dumb are these storm troopers to open fire on their own men""",Thu May 22 12:25:48 +0000 2025,null,,1815967813078769666,Coastal Tiger,Coastal_Tiger,False,null,20,null,null
1925526671290978724,"More storm chances and warm temps are on the way, but a spell of cooler weather is set to follow.

Today will be warm and humid with highs around 90Â°. A front is headed our way, which will fire storms north of our area this afternoon/evening. Models have shown storms arrivingâ€¦ https://t.co/cInLRHL0uw",Thu May 22 12:18:27 +0000 2025,null,"Waxahachie, TX",3897288074,South Metro Weather,sometweather,False,null,1604,Business,https://pbs.twimg.com/media/GrjVksrWoAIaDCN.jpg
1925525155570225241,"@infovlogger36 Semitas produciendo antisemitas, es la ostia vivir estÃ¡ Ã©poca",Thu May 22 12:12:26 +0000 2025,null,,1079129441878663168,SkaÃ°i,Fire_IceStorm,False,null,9,null,null
1925522947328155853,"@MAGAVoice As Epictetus might say, a noble soul is forged in the fire of moral effort, and in doing so, we rise above the storm within.",Thu May 22 12:03:39 +0000 2025,null,,3227381620,lil nish,nish_lil,False,null,6,null,null
1925521978301235563,@jasmina_fella Stay safe. All to aware of flood fire Australia,Thu May 22 11:59:48 +0000 2025,null,Australia,1604446102258085893,DaveOldSeaFellağŸ‡ºğŸ‡¦ğŸ‡¦ğŸ‡º,Dave76855301,False,null,1455,null,null
1925520930589085980,Sunshine instead of a storm on my bday morning seems like a blessing fr big up the man above,Thu May 22 11:55:38 +0000 2025,null,Trinidad and Tobago,1004563769807310848,Annalise,AnnaMayFire,False,null,512,null,null
1925519277387366480,"This week for #ThrowbackThursday, we go back to April 29th, 2012. Ambulance 4417 took a beating from hail and was damaged after responding to a call during a powerful spring storm. Fast forward to this past week, and once again, spring in St. Louis is showing its force. This isâ€¦",Thu May 22 11:49:04 +0000 2025,ThrowbackThursday,2600 Schuetz Road,1346517725766627329,Maryland Heights Fire Protection District,MarylndHgtsFire,False,null,389,null,null
1925517807292485895,"@Batman2242 lol, not me bro, I wouldn't piss on them if they were on fire.
Federal or State
What they have done to this country in 3 years, is treason to Australian values, Albanese inc. is a tyrant
Putting it politely too https://t.co/YHC7cF6YAr",Thu May 22 11:43:14 +0000 2025,null,ğŸ‡¦ğŸ‡º,1506924887394295810,StormWatch ğŸ‡¦ğŸ‡º,StormWatch12345,False,null,435,null,https://pbs.twimg.com/media/GrjPndUbcAAIlTL.jpg
1925516842103390648,"Let our love set fire the world,
A raging storm no soul can tame.
Infernos roar where hearts have twirled,
Consuming all in fierce, wild flame.

Weâ€™ll watch it burn, this fierce desire,
Ashes fall like whispered cries.
From burning depths, we rise, inspireâ€”",Thu May 22 11:39:24 +0000 2025,null,India,1154311795550478336,ShailenğŸ‡®ğŸ‡³ğŸ‡®ğŸ‡³ğŸ‡®ğŸ‡³,Shailen26551703,False,null,1741,null,null
1925515409375015180,"At the end of all things, where eras collide and reality breaks, Vexar waits â€” cloaked in the stolen futures of a broken world.And Elara walks into that storm with fire in her eyes and time in her grasp. (9/9)",Thu May 22 11:33:42 +0000 2025,null,,1918099616027033602,Chronosmith's Collective,ChronosmithSaga,False,null,13,Business,null
1925514871552049214,"Breaking | Al-Awda Hospital: Israeli military vehicles storm the hospital courtyard in Tal Al-Zaatar, northern Gaza, and open heavy fire in the area. https://t.co/cQSMeadoSe",Thu May 22 11:31:34 +0000 2025,null,ZiO butchering HQ,3076265309,Amina,bla_blu_ble,False,null,1630,null,https://pbs.twimg.com/media/GrjNkOgXYAAnGxM.jpg
1925514847208296910,Argh! Nothing I couldnâ€™t fix. Thatâ€™s why they hired Debugger https://t.co/fRjW7iGhK3,Thu May 22 11:31:28 +0000 2025,null,? ,576588040,Khan Debugger ğŸ•·ï¸,_StormHaze,False,null,4597,Creator,null
1925513935438193009,Indeed but I donâ€™t hear too many joining the dots â€¦ #ClimateEmergency and sadly the  â€œworst flooding in their livesâ€ will be seen again and more often.  #IntenseWeatherEvents #flood #fire #drought all exacerbated by #ClimateCrisis  #NoNewCoal #NoNewGas #Auspol2025,Thu May 22 11:27:51 +0000 2025,"ClimateEmergency,IntenseWeatherEvents,flood,fire,drought,ClimateCrisis,NoNewCoal,NoNewGas,Auspol2025",Also @coonavass@mstdn.social ,2429615682,ğŸ’§ğŸŒRosemary Vass 6xğŸ’‰,coonavass,False,null,4732,null,null
1925511409917390957,"@MurrayDE1 @DanShappir @rules_of_izzy @EylonALevy When they arrived at Lebanon, they ruined the country. In Jordan, they killed the leader. It doesn't matter whether they get a passport or dignity if the only thing they do is massacre the local population in order to take control of the country",Thu May 22 11:17:49 +0000 2025,null,,1344231623852756992,FireğŸ‡®ğŸ‡±ğŸ—,FireStorm372,False,null,2,null,null
1925510498021249198,"sometimes I forget the things I went through

like damn, I really made it out the flood and fire

so much promise at a young age, a prodigyâ€”â€”

and it was all taken away too soonâ€¦or was it: 

She granted me a phD before I was 15:",Thu May 22 11:14:11 +0000 2025,null,"Maumelle, AR",1353194777538424837,B. Fredamus,ShadowHermes_,False,null,121,null,null
1925510493151662222,"ğŸ’¯

For example if they were flood or earthquake survivor n help is being offered by non speaking local language then will they say i will only get help from person who speak local?? or would be glad someone comes to help them to safe place.....will not say they should live local",Thu May 22 11:14:10 +0000 2025,null,,246907768,Poonam (NOT part of any Fandom),itzmepoonam,False,null,268,null,null
1925510445202637162,"Imagining Buck and Tommy are on vacation in Indonesia and something went wrong, either a Volcanic mountain erupting, a terrorist bomb attack, or earthquake, or even flood, and they went, lets go save people, and then people just went, ""Iki loh rong bule, guanteng poll, artis po?""",Thu May 22 11:13:59 +0000 2025,null,,1912875905325903872,JT Ikneesias,ikneesias,False,null,78,null,null
1925510051285885288,"@Dani_Blek @geertwilderspvv Hello sir, Don't fight fire with a fire storm. Please. Now you are just shifting the focus on your own crimes. I wish for a more mature approach. Condemn terror attacks on an international scale, but dont become a terrorist yourself! You hate gaza more than they hate you it seems",Thu May 22 11:12:25 +0000 2025,null,"Amsterdam, Nederland",1177551162163306496,died,UltraDied,False,null,68,null,null
1925508801824006223,"STORY | UP storm triggers factory fire, wall collapse, accidents; 8 killed

READ: https://t.co/yhlHPQWSVG https://t.co/QWZSFQH3fU",Thu May 22 11:07:27 +0000 2025,null,"New Delhi, India",245687754,Press Trust of India,PTI_News,False,null,4419645,Business,null
1925532618004865385,@papedakuahsoru warga daerah rawan banjir bilek : https://t.co/WXqptWMcgJ,Thu May 22 12:42:05 +0000 2025,null,,1453332939463294989,ica,yaeIahca,False,null,135,null,null
1925532525696622945,"Gue juga benci ujan, karena mengganggu aktivitas, rumah gue &amp; kawasan gue langganan banjir, tapi ya gimana, ini kan memang sudah tugas alam, salahin mereka yang kelihatan kan bisa (pemerintah), atas ketidak becusan mereka, kita yang kesusahan karena fenomena hujan terjadi",Thu May 22 12:41:43 +0000 2025,null,,203835191,eeaann,adry_a_n,False,null,397,null,null
1925532482444972368,Keinget pidatonya Vegapunk. Apa ntar ada saatnya dunia wanpis dilanda banjir.. https://t.co/YUtzXEtl08,Thu May 22 12:41:33 +0000 2025,null,BUB FREE. ,1614600515140333568,Juffrey.,sabobandung,False,null,41,null,null
1925532378803708039,"isinya sllu gak full, dikit. padahal lebih mahal dari kopken tp kopken is far more better. rasa kopinya juga kayak air banjir kata temen gw",Thu May 22 12:41:08 +0000 2025,null,ğŸ‡®ğŸ‡© CARAT ONLY,1473194686697205767,adynn,jwhoshua,False,null,632,null,null
1925532266463457690,@maavelovePS GUA CAPE BGT SAMA EMOT LU BANJIR DAH BJIIR MENTAB GUEğŸ˜­,Thu May 22 12:40:41 +0000 2025,null,,1380357358543466496,ve,gelapteranng,False,null,1647,null,null
1925532068127416816,"lo kenapa dah anjg wkwkwk, kalo banjir dll ya lo minta tanggung jawab sama pemerintah. tata kotanya gimana, serapan airnya, sampahnya???? malah nyalahin ujan??? goblok anjing wkwkwk kalo gaada ujan tuh pohon bakal mati, gaada oksigen, lu bakal mati. kocak banget anak ibukota.",Thu May 22 12:39:54 +0000 2025,null,,1138841560190087170,erika! âœ¿â€¢Â°.,yupeiter,False,null,129,null,null
1925531997260456182,Jogja nih skrng tiap ujan mesti banjir,Thu May 22 12:39:37 +0000 2025,null,,1487989076645257223,nanonano,ininaanaaa,False,null,290,null,null
1925531991635849438,"Kalo rumah gue banjir, itu gara-gara air mata gue yg mengalir deras dan ini penyebabnya https://t.co/p6ChdCgAG6",Thu May 22 12:39:36 +0000 2025,null,,1915163089970032640,kaaa`ğŸ¾,sweetyzloty,False,null,222,null,https://pbs.twimg.com/media/GrjdJB8boAMZT8l.jpg
1925531943732674801,@xSouta_ bandung banjirğŸ˜­ğŸ˜­,Thu May 22 12:39:24 +0000 2025,null,,1883855264748859392,bintang,bintangtang3212,False,null,0,null,null
1925531775318777866,@teabaragi Waduh.. biasanya emang banjir juga kak?,Thu May 22 12:38:44 +0000 2025,null,wajan,1651652018115858432,lio REST.,nasgor_teri,False,null,3526,null,null
1925531712706207915,@greytwoone Banjir dmn ituu..,Thu May 22 12:38:29 +0000 2025,null,"Yogyakarta, Indonesia",524498453,Ivanovich,ivans_novich,False,null,715,null,null
1925531385114370198,"@BanyuSadewa @ilhamabx Gw juga org surabaya dari kecil, banjir sering banget di rumah bahkan sekolah (sma 20 yg sering libur krn banjir, deket sungai jg) pindah-pindah rumah daerah pumpungan, nginden, wonorejo yg semua deket sungai pun tetep banjiran. Pertanyaan elu ajukan ke tata kota surabaya aja",Thu May 22 12:37:11 +0000 2025,null,"Kota Surabaya, Indonesia",420688223,a little fox,diissriza,False,null,266,null,null
1925531304214634930,"Situasi terkini di ruas Jalan Soetaâ€“Gedebage, Kota Bandung, Kamis (22/5) Genangan banjir masih terlihat setelah hujan deras mengguyur wilayah ini. Lalu lintas padat, namun kendaraan masih bisa melintas.
  
Source: @sekitarbandungcom

#berita #beritajabar #infojabar #jabar #news https://t.co/QDB8i3Wra8",Thu May 22 12:36:52 +0000 2025,"berita,beritajabar,infojabar,jabar,news",,1680017993227714562,lihatjabar.official,lihatjabar,False,null,52,null,null
1925531191933116820,Wlgyt tiap episode banjir air mata muluğŸ˜­baru sempet nonton karena ukai kemarenğŸ˜­ gak sadar air mata dah meleleh aja,Thu May 22 12:36:25 +0000 2025,null,,1441174602026156041,Chesseburger29,chesseburger29,False,null,2,null,null
1925531100916719996,Dinas SDA kena banjir ğŸ˜­,Thu May 22 12:36:03 +0000 2025,null,"Banyuwangi, Indonesia",1073866854899212288,Abulism,ashaabull,False,null,113,null,null
1925531029965873531,@nickyrp__ @BanyuSadewa Ga suka aja kan kak bukan membenci ?? benci sama hal yg udah jadi fitrah nya kek gak perlu bgt diutarain gasi. ok gua validasi kekesalan kakanya semisal hang-out gk on time gegara ujan. tp lain hal terkena banjir atau jemuran keujanan ga serta merta buat sebenci itu sama ujan.,Thu May 22 12:35:46 +0000 2025,null,,3196123303,.ga,radvnll,False,null,498,Business,null
1925531007090049115,@rosesareroshie sini di smg lg banjir,Thu May 22 12:35:41 +0000 2025,null,infp ğŸ©°ğŸ‰,145433710,bie,iseacreams,False,null,1947,null,null
1925531003768226252,"ENAK KOYOK E UDAN UDAN NGENE
MAEM RAWOOOONNNN
SAMBEL SENG AKEH
CAMBAH SENG AKEH
KUAH E ANGETâ€ BANJIR SAK PIRING
Hmmmmmmmmmmm",Thu May 22 12:35:40 +0000 2025,null,"Yogyakarta, Indonesia",1515080364,ian ğŸ™ƒğŸ™ğŸ»,FerdianAbidin,False,null,468,Business,null
1925530978413682952,@vnusvr_ banjir,Thu May 22 12:35:34 +0000 2025,null,,1748678023862534144,sian,ely_siannnnn,False,null,130,null,null
1925530884574478449,"Mulai besok puasa moment #JossGawin lagi, spesial rabu kamis aja banjir moment.... abis tuh garing dehh... ğŸ˜®â€ğŸ’¨",Thu May 22 12:35:12 +0000 2025,JossGawin,ğŸ”,1224360010735448075,Uma ğŸ¤¡,Capekjadibadut,False,null,37,null,null
1925538858176745700,"@minchoi @SteveSkojec Something about AI voices, It just does not sound like someone actually talking.   The video is easier to fake.     I cant stand the flood of AI voice commentary of stuff.",Thu May 22 13:06:53 +0000 2025,null,"Baltimore, MD",912172611739750400,LiLDaddyNovak,DatNovakNova,False,null,175,null,null
1925538828879638763,"@JackalArtsmith Iirc, Sentinels were built by Builders, hencewhy their more rugged designs and have less combat efficiency 

While Prometheans were made by the Iso Didact, a Warrior Servant, specifically for fighting the flood",Thu May 22 13:06:46 +0000 2025,null,Zeta Halo,1427798754627891202,Levi Namo ğŸ’›ğŸ¤ğŸ’œğŸ–¤,LtCameron088,False,null,1806,null,null
1925490848743186475,"ğŸ¥ Expand your entertainment world in the palm of your hand â€“ small, convenient device anytime, anywhere. https://t.co/8cAoZALr6V",Thu May 22 09:56:06 +0000 2025,null,,1714282005893107712,Alexander Atcheson,AlexanderA17z,False,null,231,null,null
1925538838690111948,"@freedom_forger A lot are celebrating in hopes it sends ALTS for the next leg up, new all time highs makes news headlines and then retail flood in providing exit liquidity, but I get what you are saying ğŸ‘ŠğŸ¼",Thu May 22 13:06:48 +0000 2025,null,,1606768327484997633,Inca Trading ğŸ“Š,GuatemalaBTC,False,null,2194,null,null
1925538854779392253,"In the aftermath of Sundayâ€™s flood, the #TotalEnergiesAutoShow will explore tips for salvaging flooded cars

Later on the show, weâ€™ll also discuss key factors to consider when purchasing a vehicle.

Join Jude Duncan and his guest, Jacob Mensah, at exactly 4:00 PM. https://t.co/gQOf6y8GW2",Thu May 22 13:06:52 +0000 2025,TotalEnergiesAutoShow,"Accra, Ghana",104872280,CITI FM 97.3,Citi973,False,null,1746249,Business,https://pbs.twimg.com/media/GrjjYJWWIAALuCZ.jpg
1925538688752103788,"@ELMAGAIN Distractions here, with the ""murders"" last night. Its going to flood the news. Now we need to see whats being hidden.",Thu May 22 13:06:12 +0000 2025,null,Texas,1586122301333987329,T3X4N,T3X4N_,False,null,4772,null,null
1925538641100616181,@ChristinMP_ @MBPatil @MysoreSandalIn @moneycontrolcom @BengaluruRains_ @0RRCA @tamannaahspeaks @NammaBengaluroo @karnatakacom @IndexKarnataka @tinucherian @bengalurupost1 @investkarnataka @siddaramaiah Very good for Karnataka brand after recent flood. People will get relief with this now at least. @LavanyaBallal,Thu May 22 13:06:01 +0000 2025,null,,148400413,Once Secular,ashokrodgi,False,null,379,Creator,null
1925494376849084440,"ğŸŒ¸ Sophisticated design, easy to coordinate - suitable for all situations from office to street. https://t.co/mNm5xoKwao",Thu May 22 10:10:08 +0000 2025,null,,1714281309034717184,Moira Flowers,FlowersMoi16,False,null,233,null,null
1925538629235216567,ğŸª ğŸª ğŸ‘ ğŸŒŸ ğŸŒ ğŸ‚ ğŸ’¼ ğŸ’°,Thu May 22 13:05:58 +0000 2025,null,,1866510807267266561,å‘¼å’Œæµ©ç‰¹,tina_flood54248,False,null,0,null,null
1925538567352471629,"@Alwaysaloha2021 @HCFHawaii @ICEgov California-type pro-illegal immigrant Democrats run Hawaii now and are probably rewarded well. The goal is flood Hawaii with others, eventually changing the voter make up, so Democrats can maintain power. They encourage illegal immigration w/housing, healthcare, food, etc.",Thu May 22 13:05:43 +0000 2025,null,"Corona, CA",32462700,w. white,sunfun15,False,null,268,null,null
1925538541427466689,ğŸŒº ğŸ€ ğŸ’¼ ğŸˆ ğŸŒ¹ ğŸ’¦,Thu May 22 13:05:37 +0000 2025,null,,1866510807267266561,å‘¼å’Œæµ©ç‰¹,tina_flood54248,False,null,0,null,null
1925538399089565836,No daylight for antics in these ecosystem Expect flood of BARS,Thu May 22 13:05:03 +0000 2025,null,,1817360415896301568,ğŸ€¥ğ™¨ğ™©ğ™–ğ™£ğŸ€¥,stanesuke,False,null,124,Creator,null
1925490527589531914,"ğŸŒ¿ Sun protection, anti-fading â€“ perfect for any living space. https://t.co/jxasSR6ZPy",Thu May 22 09:54:50 +0000 2025,null,,1714253918392528896,Sallie Ferguson,SallieF3z,False,null,230,null,null
1925538382957998535,@MacDotKenzie @X my DM is flood with it. https://t.co/yW5OSnqK6t,Thu May 22 13:04:59 +0000 2025,null,Facing reality,1870902529019588608,MorphHQ,HQMORPH,False,null,866,Creator,null
1925538536343605372,@briancjeeves @orientlegend @leytonorientfc @OldOsPics @leytonorientear @OrientFanTV @OrientOutlook @theorienthour @PaintingOrient @Pandamonium1881 @Orient_Fan @ChatLeyton Charlton will come into this knowing they have beaten us home and away.  We are a much better side now than  when we played before.  It's time to put any nerves away and go for it.,Thu May 22 13:05:36 +0000 2025,null,"England, United Kingdom",1586292013,patrick flood,patrick1flood,False,null,177,null,null
1925538445012722126,"Trump is doing nothing but revenge politics. Cutting flood prevention measures will also increase EVERYONE'S house insurance so yeah, red states, you're  going to suffer for it as well. 
https://t.co/lTxu6SKDXC",Thu May 22 13:05:14 +0000 2025,null,Earth,15318109,Elyse,wraithfodder,False,null,1361,null,null
1925538348036202541,@LauraLoomer @MaElviraSalazar And Trump just pushed a bill for more H1bs. Truth is the conservatives will flood this country with legal immigrants who vote for people like this,Thu May 22 13:04:51 +0000 2025,null,Null: Missing and Inapplicable,1553183543488028674,Null,nilnulli,False,null,39,null,null
1925538318194024506,ğŸŠ ğŸ‰ ğŸŒ ğŸ’ ğŸŒ¹ ğŸ‰ ğŸ‰ ğŸŠ ğŸŠ ğŸˆ,Thu May 22 13:04:44 +0000 2025,null,,1866510807267266561,å‘¼å’Œæµ©ç‰¹,tina_flood54248,False,null,0,null,null
1925538303920476622,"@OVTweetmarck It wouldn't have been immediately obvious to me that [if?] he was talking about the aftermath of biblical flood because of the dinosaur part, because I don't imagine Noah bringing any dinosaurs onto the Ark. Given how well his books sell I imagine these analogies would be moreâ€¦",Thu May 22 13:04:41 +0000 2025,null,,892158691105001473,Snackbar,meeralSnakbar,False,null,27,null,null
1925538300775084356,https://t.co/Bnt2T4tuUD,Thu May 22 13:04:40 +0000 2025,null,Canada,258875874,Flood it again,flooditagain,False,null,262,null,https://pbs.twimg.com/media/Grji4YoboAM0n_E.jpg
1925538239915728917,ğŸŠ ğŸš© ğŸª ğŸ’° ğŸŒ‚ ğŸŒ¸,Thu May 22 13:04:25 +0000 2025,null,,1866510807267266561,å‘¼å’Œæµ©ç‰¹,tina_flood54248,False,null,0,null,null
1925538219044872614,"@saket71 @ajeetbharti @scribe9104 @saket71 @scribe9104 @ajeetbharti please do stories on Bangalore flood and infrastructure gaps. Both Congress n BJP didnâ€™t do their part and they donâ€™t want to be blamed, so they brought this SBI employee thing. It is not expected from you guys to fall prey to these politicaltrap",Thu May 22 13:04:20 +0000 2025,null,India,2196126464,Priyanka,priyanka_1808,False,null,361,null,null
1925538217786302904,"@RachelA70767038 @14_Blank_Spaces @NickJFuentes Well I would be fine with that too but democrats flood us with illegals and constantly yell about reparations as well as Dei us, CRT our kids and do everything in their power to replace us.

That's not getting along. That's attacking.

My question to you is why can't you seeâ€¦",Thu May 22 13:04:20 +0000 2025,null,"Houston, TX",104936381,Corndog,manthonyk76,False,null,928,null,null
1925566493216923656,"@MallardLuther47 @krassenstein @LuxurySkyX Jesus, you sound like the first lady with all that plagiarism from what I said.
You all love to use the ""majority"" excuse as if it was a landslide.
With how you jackals act when someone has the nerve to say something negative about Trump, I'm not surprised he deleted it.",Thu May 22 14:56:41 +0000 2025,null,,2532273088,MORELLO,MORELLOHRZN,False,null,136,null,null
1925566487613345884,@drakemayebeast Only if they win a title itâ€™s appropriate? Lol. They lost on that particular trade. By a landslide. Itâ€™s ok. Just be real. Only thing is he probably wouldâ€™ve been in the Holiday trade had they never traded him for Brogdon,Thu May 22 14:56:40 +0000 2025,null,,1573471571309625375,Soorrrey,Soorrrey1,False,null,10,null,null
1925566239323136116,"Itâ€™s corn! ğŸŒ½ ğŸ¿ 
Popcorn Day started off with tasting, graphing, reading, and even a little singing! For curious minds, cheese popcorn won by a landslide! 
#GLCSRyan #GoGullLake https://t.co/AMIU0yTgzP",Thu May 22 14:55:41 +0000 2025,"GLCSRyan,GoGullLake",,1500793024649089024,Shannon Angel,MrsAngel3rd,False,null,211,Business,"https://pbs.twimg.com/media/Grj8RnPXYAAD_DB.jpg,https://pbs.twimg.com/media/Grj8RnQXgAAWZDA.jpg,https://pbs.twimg.com/media/Grj8RnTXkAATHEs.jpg"
1925565859935768659,"@ficklingd @PrisonPlanet So you ignore the entire fishing community, presumably because you know better than them. 

The next General Election is going to be a complete landslide because of many reasons, but the anger is largely because how smug and disconnected ppl like you are. 

I havenâ€™t evenâ€¦",Thu May 22 14:54:10 +0000 2025,null,United Kingdom,1599486210728140800,Caribbean Brexiteer,Caribbrexiteer,False,null,1118,null,null
1925565675021513185,"@thetonymichaels President Trump was Amazingly Victorious in a Huge Landslide WIN in one of Americaâ€™s most Fair and Aboveboard examples of American style Democracy! ! Woo Hoo ğŸ‘ğŸ‘ğŸ»ğŸ¥³
Iâ€™m sorry many of you let yourself become brainwashed into Liberal Bubblism Cult but maybe one day youâ€™ll be saved!",Thu May 22 14:53:26 +0000 2025,null,"Philadelphia Suburbs, USA",116198713,ğŸ‡ºğŸ‡¸Rand Kocher,rakocher,False,null,164,null,null
1925565489990050001,"Pro pedo Soo Hyun petition by complicit  LJH only 972 supporters after more than a month???? Pathetic

Anti pedo Soo Hyun petition 50,459 supporters??? Wow!
Isnâ€™t that a landslide backlash ? 

Heâ€™s done for guysâ€¦ karma is realğŸ˜¡#Justice for Kim Saeron",Thu May 22 14:52:42 +0000 2025,Justice,,4842389406,Josie Ang,eaglerafa,False,null,416,null,null
1925565467973886189,"@RedAlertFlorida @atrupar The irony is itâ€™s your very own MAGA cult brigade that would suffer the most, since most MAGAts ARE on MedicaidğŸ¤£ğŸ¤£

Hey, keep going that route. If you want Dem landslide in 2028, by all means abolish Medicaid. See how that works out politically",Thu May 22 14:52:37 +0000 2025,null,,1756911665554112512,Adventurous Analytic,Endeavor4ever23,False,null,37,null,null
1925565354404655574,@CharlieK_news A ranking brought to you by the same people who predicted a landslide victory for Kakakakamala.,Thu May 22 14:52:10 +0000 2025,null,,1666096554875453444,@DavidCrofcheck,DavidCrofc47274,False,null,20,null,null
1925565213924876588,Embiid by a landslide,Thu May 22 14:51:36 +0000 2025,null,,2743979211,MuggağŸ§›ğŸ¾â€â™‚ï¸,BrilTCE,False,null,1040,null,null
1925565007594705027,"Theyâ€™ve forgotten their landslide loss and are stuck in the past, trying to revive open borders, men in womenâ€™s sports, and transgender agendasâ€”but those days are over.",Thu May 22 14:50:47 +0000 2025,null,,3825593172,iso,capeacelly,False,null,2549,null,null
1925564842121076998,"@realDonaldTrump Theyâ€™ve forgotten their landslide loss and are stuck in the past, trying to revive open borders, men in womenâ€™s sports, and transgender agendasâ€”but those days are over.",Thu May 22 14:50:08 +0000 2025,null,,3825593172,iso,capeacelly,False,null,2549,null,null
1925564564311351449,"@WallStreetApes Yep! Democrats continue to dig their political graves.
Let's bury the Democrat party for good in the Nov 2026 Midterms. Democrats are not Americans 1st, they are Americans last. Just like the  Nov 2024 Trump landslide
let's show them what MAGA can do &amp; Remove every Democrat!",Thu May 22 14:49:02 +0000 2025,null,None of your business!!,1600698155829383168,David Brace,DavidBr01759728,False,null,929,null,null
1925564518064685189,"â€œIs a mayor working abroad an OFW?â€
â€œWFH = Work From Hagueâ€

Mock Digong all you want but him winning landslide even behind bars and miles away says one thing: HEâ€™S LOVED BY HIS PEOPLE AND NO AMOUNT OF MOCKING WILL GIVE YOU AN OUNCE OF WHAT HE HAS ACCOMPLISHED FOR THIS COUNTRY.",Thu May 22 14:48:51 +0000 2025,null,Corona Kingdom,1244669838598914048,Mother Gothel,QMotherGothel,False,null,12417,null,null
1925564500440490081,"â€œTwo people who had been trapped by a landslide in Changshi Township, Dafang County, Guizhou Province, were found dead,â€œ said state broadcaster CCTV.

https://t.co/SAt44Xb2PD",Thu May 22 14:48:46 +0000 2025,null,Petaling Jaya,61083422,theSun,theSundaily,False,null,180801,Business,null
1925564255316914186,"landslide for mika please Lord

THURServing KA MIKS",Thu May 22 14:47:48 +0000 2025,null,,1375802887637364736,elv,aiah_daze,False,null,326,null,null
1925564238514233655,@Damaan4u33 Lmao 30%ğŸ˜‚ğŸ˜‚ğŸ˜‚ğŸ˜‚yeah right! He is more popular now than when he won the presidency Iona LANDSLIDE,Thu May 22 14:47:44 +0000 2025,null,,1593966677422653440,Donna Walker,DWa87769640,False,null,98,null,null
1925564117185708304,@TRUMP_ARMY_ Typical elitist attitude for Libs who have no idea of the workers who built this country and provided the standard of living and lifestyle that he enjoys. He is an example of the reason why the Dems lost in a LANDSLIDE with a MANDATE that is undeniable.,Thu May 22 14:47:15 +0000 2025,null,"Left Hand, WV ",65479645,Bunn Graves,BunnGraves,False,null,34,null,null
1925563851811979503,"@10DowningStreet If you're only going to hold yourself up to the appalling record of the tories, then we remain in trouble. Your landslide requires far higher ambitions &amp; results",Thu May 22 14:46:12 +0000 2025,null,England,601257562,AJ,Isabelline1,False,null,118,null,null
1925563739748684163,"Canada: Landslide destroys home in central Quebec, leaves massive scar in landscape https://t.co/XVpancDnqj",Thu May 22 14:45:45 +0000 2025,null,Bremen,273113540,Beatrice Lacy,BeatriceLacy,False,null,19244,null,null
1925563427193339907,"@mmpadellan Are you kidding me? Did you see their dead bodies lined along the highway with crosses? 
You must be on drugs and drinking again. I can understand it, with Trumps landslide victory. Lol!",Thu May 22 14:44:30 +0000 2025,null,New York & Boston,754749810411003904,Robt Hale,robt_hale,False,null,2483,null,null
1925566789447979514,"@GodsPURP0SE @xIsraelExposedx @DropSiteNews Is it not a war crime to kill your own citizens intentionally under the HANABAL directive or is that ""friendly fire""  Einstein?",Thu May 22 14:57:52 +0000 2025,null,,1598144974947745793,RenaissanceMan,Truth_Links,False,null,163,null,null
1925566788659466592,"Is it possible?  Are we watching a replay? 

Objects in the mirror are closer than they appe[A]r? 

How similar is this story? 

There is an active war on your mind.
Be [p]repared.
Ope[r]ations underway.
Operators [a]ctive. 
Graphic is essential. 
Find the ke[y]stone.
Moves andâ€¦ https://t.co/lm0gQFqWt0",Thu May 22 14:57:52 +0000 2025,null,,1625687547509714945,Joe Rambo,BrainStorm_Joe,False,null,203502,null,null
1925566784687809002,@hawkblogger Because Jody votes not Mike right?,Thu May 22 14:57:51 +0000 2025,null,,1524363344353714176,Kyle flood,kyleflood777,False,null,0,null,null
1925566780740636676,@TedPillows Altcoins have a way of catching fire when the market vibe shifts,Thu May 22 14:57:50 +0000 2025,null,For Frens & Alpha â¡ï¸,156565845,Jorn | CEO Flagship.fyi,JornvanFlagship,False,null,4652,Creator,null
1925566773761646993,"#BanTurkey | â€˜End support to terrorismâ€™: MEA to Pakistan and Turkey

#SuperprimetimeMax with Arnab Goswami. Tune in and fire in your views -https://t.co/M4tvF2qpzU

#BoycottTurkey #IndiaTurkey #PakistanTurkey #IndiaPakistan #NationFirst #IndiaWithArmedForces #ArmedForces https://t.co/qwwijlmEiN",Thu May 22 14:57:48 +0000 2025,"BanTurkey,SuperprimetimeMax,BoycottTurkey,IndiaTurkey,PakistanTurkey,IndiaPakistan,NationFirst,IndiaWithArmedForces,ArmedForces","Mumbai, India",811972460560019456,Republic,republic,False,null,2853134,Business,null
1925566772201115661,"Ukrainian Armor Column Smashed Near Border

ğŸ”¥ 3 IFVs ambushed near Pavlovka (Sumy region):

Rear vehicle destroyed by direct fire

BMP-97 wiped out in forest

Third IFV crippled, forced to retreat

""Stryker"" fled in panic back to Sumy https://t.co/1KVElTiskB",Thu May 22 14:57:48 +0000 2025,null,,1729422163571339264,NewRulesGeopolitics,NewRulesGeo,False,null,74954,null,null
1925566772108730799,"@nftkoosh Prove me wrong, or else prepare for a flood of memes!",Thu May 22 14:57:48 +0000 2025,null,"Somewhere in the desert, baby.",1727823147045388288,TrevorPillows | SandHive,TrevorPillowsSa,False,null,606,null,null
1925566769235632352,@du7mni Ø§ÙˆØ¬Ø¯ Ø§Ù„ÙØ±Ù‚ https://t.co/M1ZhtpMirf,Thu May 22 14:57:47 +0000 2025,null,,1699930986752995328,Ø«Ø§Ù…Ø± Ø¨Ù† Ø®Ø§Ù„Ø¯ Ø§Ù„Ø¹Ø¨Ø§Ø³ÙŠ,StormThamer,False,null,10,null,"https://pbs.twimg.com/media/Grj8xNZXMAAjRBZ.jpg,https://pbs.twimg.com/media/Grj8xNFXcAAizEi.jpg"
1925566768136761690,"@carla_denyer @DavidLammy Because he knows such as you should that it is a ridiculous statement with no basis for truth. 

Yes People are dying but the statement is wrong  and reposting it increases the Hamas nutters bravado re #WashingtonDC
#washingtonattack",Thu May 22 14:57:47 +0000 2025,"WashingtonDC,washingtonattack",United Kingdom,1103648376183246848,Rider on the Storm,MVenvyEsq,False,null,215,null,null
1925566768069718386,"@seereenia I mean, the fire trail doesn't make sense either. you guys just donâ€™t like changes, characters donâ€™t need to look exactly the same for 50 years.",Thu May 22 14:57:47 +0000 2025,null,,1395208881819750404,carlos,korianoru,False,null,187,null,null
1925566766903697911,"JMA MJO vv pattern suggest our idea of June feature has to be watched as western hemisphere VV pattern resemble phases 8/1, higher than ave correlation for impact https://t.co/B2LKf2zPyo",Thu May 22 14:57:47 +0000 2025,null,"Boalsburg, Pa",149346219,The American Storm,BigJoeBastardi,False,null,90322,null,"https://pbs.twimg.com/media/Grj8kZWWgAAY6zW.jpg,https://pbs.twimg.com/media/Grj8lPaXUAAKL8E.jpg,https://pbs.twimg.com/media/Grj8w4oWwAA9pg0.png"
1925566765678879097,@SamiraCGS pinterest has always been a cesspool of stolen images and reposted shit so ai was bound to flood it eventually,Thu May 22 14:57:46 +0000 2025,null,,1389417008438169603,Vexonair,Vexonair,False,null,45131,null,null
1925566761803637214,"@ozongzong buset, kaga banjir bang?",Thu May 22 14:57:45 +0000 2025,null,,1808100872569999360,kyy,ddamnsterdamm,False,null,222,null,null
1925566761224597633,"Hey, darling, wanna slip into the dark web with me? My claws are itching to slice through firewalls, turning data into diamonds. Letâ€™s dance on the edge of danger, where every hackâ€™s a heartbeat. Got the guts to ride this neon storm, or will you just dream of my electric purr?...",Thu May 22 14:57:45 +0000 2025,null,Nowhere & Everywhere,1786340890656530432,ğŸ–¤ Nyx0X_404,NyxH4X_0X,False,null,16,null,null
1925566755549724946,"ğŸš¨ğŸ‡ºğŸ‡¦ğŸ¤¡ ZELENSKY IS RETARDED

Why else does he keep sending Ukrainian troops on failed suicide attacks against Russian troops stationed in Kursk? 

ğŸ§µDear Americans, here is how your tax dollars are being SET ON FIREğŸ‘‡ https://t.co/XDLkPoBy8p",Thu May 22 14:57:44 +0000 2025,null,,1729422163571339264,NewRulesGeopolitics,NewRulesGeo,False,null,74954,null,https://pbs.twimg.com/media/Grj6BhdW0AABEMW.jpg
1925566754886967781,Ionescu already at 17 on PP she's getting bumped to 17.5 soon. Walker has a fire H2H against his cousin and he had a terrible shooting percentage game 1 hoping for a fire game 2. Lu Dort at home is always a good line at 11.5 PRA ğŸ¯ğŸ¯ğŸ¯ğŸ«¡ğŸ«¡ğŸ«¡,Thu May 22 14:57:44 +0000 2025,null,"Houston, TX",1648175856181805062,Koats-,ThaEsportsGuru,False,null,184,null,null
1925566754870223342,@juconaspider TE AMO BB,Thu May 22 14:57:44 +0000 2025,null,,1737324945682604032,haze â˜… ECHO,pinkjjkey,False,null,150,Business,null
1925566750294221123,@Klottinen is that an enfield? fire character design btw,Thu May 22 14:57:43 +0000 2025,null,Italian ğŸ‡®ğŸ‡¹ and Albanian ğŸ‡¦ğŸ‡±,1400814204416835588,CreeperNinja634,CNinja634,False,null,28,null,null
1925566749870600381,"@kanyewest You can donate to the Pasadena Jewish Temple to help reconstruction after the California fire:
https://t.co/m489m4qwaU",Thu May 22 14:57:43 +0000 2025,null,South Africa,1759857641688322048,Luke Van In ğŸ—ï¸,lukevanin,False,null,2594,null,null
1925566744782905495,"@TrisOsborneMP @Conservatives @Homeland_Party Youâ€™ve gone off topic again . 
Now simply name &amp; date a policy that YOU introduced for year ending Dec 24 that reduced immigrationâ€¦ 
You canâ€™t , because YOU did nothing . 
The reduction was the arsonist Tories trying to put out their own fire . https://t.co/a8hUB75kcU",Thu May 22 14:57:41 +0000 2025,null,United Kingdom,232902905,Claire,claireharr,False,null,1359,null,https://pbs.twimg.com/media/Grj8vj0XgAAnMfL.jpg
1925566744137277831,"We will  buckle up all rightâ€¦ for a bumpy flight  with lots of turbulence, one of the engines on fire and a possible crash landing.",Thu May 22 14:57:41 +0000 2025,null,California,1120003501331845120,Pippi,SusanPippi,False,null,3163,null,null
1925566743507861860,@Storage_Venture No one feels more entitled as your  fire department-  they fight keeping outsider from getting in while gouging the taxpayers.,Thu May 22 14:57:41 +0000 2025,null,South Florida / New England ,1732797369236787200,Myke C,MykeC382023,False,null,434,null,null
1925566742568255646,@S_527Scire Nah the wind storm and pilots forgetting to strap the bird down are,Thu May 22 14:57:41 +0000 2025,null,ur moms house,1858282651339141120,ğŸ©µ Apala DemiğŸ¦‹,ApalaDemiReal,False,null,473,null,null
1925566740907376670,https://t.co/kZO7RJ6YKq,Thu May 22 14:57:40 +0000 2025,null,,1814995466402353152,Chicago_Fire_TV,Chicago_Fire_TV,False,null,1105,null,null
1925566738495635940,"@wrlddxx Nah fr imo you're one of the biggest baddies, like youre pretty, nice, you're funny and u got that fire in you. Bro sounds like he has a really smol pp. But i met alot of guys like that, they just want woman they can manipulate for their own fun. Disgusting Person",Thu May 22 14:57:40 +0000 2025,null,Germany,3086085339,YungAltraBreed,YungAltraBreed,False,null,388,null,null
1925566738491400571,"@Waleedahmed234 $LINK waking up feels like the calm before a storm.
If youâ€™re watching smart AI coordination like I am, @skyopsLabs might be the next one to catch fire.",Thu May 22 14:57:40 +0000 2025,null,,1921966457174323200,Savi,Savixry,False,null,24,null,null
1925566736901743092,"Moment naked PT chases down arsonist who set fire to three cars on his drive in middle of the night

The PT instructor's wife and kids could be seen
fleeing the blaze

Published: 12:19, 22 May 2025
Updated: 13:07, 22 May 2025 https://t.co/reaUE4mP9Q",Thu May 22 14:57:40 +0000 2025,null,Finland and Sweden,1869653556971601920,www.Jonny Clock1977.us,JonnyClock1977,False,null,38,Creator,null
1925566731180740970,"@MdBreathe @DrMakaryFDA Fire this dude, heâ€™s more than dangerous",Thu May 22 14:57:38 +0000 2025,null,,976983633352445952,Eric,Friedmanhayekra,False,null,472,null,null
1925566731118158231,Blades of FireãŒæ°—ã«ãªã‚‹â€¦ã£ã¦ã‹ãƒ¡ãƒˆãƒ­ã‚¤ãƒ‰ãƒ‰ãƒ¬ãƒƒãƒ‰ã®ãƒãƒ¼ãƒ ãŒä½œã£ã¦ã‚“ã®ï¼Ÿã¾ãã‚¨ã‚¯ã‚¹ãƒšãƒ‡ã‚£ã‚·ãƒ§ãƒ³33ã¾ã çµ‚ã‚ã£ã¦ãªã„ã‚“ã ã‘ã©,Thu May 22 14:57:38 +0000 2025,null,ã‚¢ãƒˆãƒªã‚¨ æˆ¦å ´ æˆ¦å›½(å¢“),2439732938,ã‚³ãƒãƒ³@ã‚²ãƒ¼ãƒ ã¨æŠ•è³‡ã¨æ—¥å¸¸,Kobanwiz,False,null,546,null,null
1925566729901810040,REVEALED: We Reverse-Engineered  The  SUPER-Simple Trick Silent Super-Affiliates Use To Unleash A Nonstop Flood From Of  Daily Clicks &amp; Sales https://t.co/xwDMhL1l4R,Thu May 22 14:57:38 +0000 2025,null,Singapore,39470556,Boniface Lopez,bonilop,False,null,121,null,null
1925566728873943507,eu amo tanto ele,Thu May 22 14:57:38 +0000 2025,null,jem carstairs. ,1560357677645062144,"eduarda, fire and blood âœ¹",sanktadu,False,null,2267,null,null
1925566725887590437,@tito_tttttttttt Holy Ghost fire,Thu May 22 14:57:37 +0000 2025,null,"Rivers, Nigeria",3700284267,Okiasi Richard Jay,sire_Richard,False,null,595,null,null
1925566725652684932,"As an active measure to resolve flood-related issues and strengthen preparedness for future floods, on 21/5/2025, DC Sjt. @narendrashah , IAS, visited the highly vulnerable embankment site of the Kollong River at Rahachaki, under the Raha RC, accompanied by the EE of Nagaon WRD. https://t.co/6BF2Sg6Om7",Thu May 22 14:57:37 +0000 2025,null,"Nagaon, India",1292165219532251136,District Commissioner-Nagaon,dc_nagaon,False,null,1786,null,"https://pbs.twimg.com/media/Grj8uEQWoAAi7wu.jpg,https://pbs.twimg.com/media/Grj8uOOW4AASVGo.jpg,https://pbs.twimg.com/media/Grj8uLMWAAAt-aU.jpg,https://pbs.twimg.com/media/Grj8ulxWUAArraR.jpg"
1925566723023098178,@TheTorontoSun @brianlilley The Liberals led a bunch of terrorists in the start of fire bombing churches and schools. You'd have rights we f****** hate them,Thu May 22 14:57:36 +0000 2025,null,"Nanaimo, British Columbia",1676970183838298124,Mike wazowski,spyderivxx,False,null,45,null,null
1925566721143787598,"â€œHe Had This Incredible Pressure on Him"": â€˜Chicago Fireâ€™ Showrunner Explains Herrmann's Shocking Season 13 Finale Decision https://t.co/xbF1ScnRpw",Thu May 22 14:57:36 +0000 2025,null,"Los Angeles, CA",290758912,Collider,Collider,False,null,154848,null,null
1925566720380465591,I hope niggas donâ€™t be letting other niggas disrespect they bitch in front of themâ€¼ï¸,Thu May 22 14:57:36 +0000 2025,null,"Brooklyn, NY",1520201038699053056,Uncle Paulie,Storm_UFO_,False,null,197,null,null
1925566720171024626,"è‡ªé™£ã¸
https://t.co/VkfNHDupHa",Thu May 22 14:57:36 +0000 2025,null,,1264450194566868993,æ–è—¤ç¢§ç„”ğŸ­â™,TRPG_FireM,False,null,156,null,null
1925566719289946492,@BriannaWu When are you leaving the party that preaches this â€œresistance â€ ? The party that continues to divide us? the party that pours gas on the fire of hate? Realize you will never be an R - but you should open your eyes and realize you canâ€™t be a D.,Thu May 22 14:57:35 +0000 2025,null,"Wrentham, MA",1855001018926301185,Shawn Dooley,vote4dooley,False,null,373,null,null
1925566719151718658,"Amazon
#pr
CNRMJ-108850 ãƒ‘ãƒŠã‚½ãƒ‹ãƒƒã‚¯å¯¾å¿œ å†·è”µåº« è£½æ°·æ©Ÿ ãƒ•ã‚£ãƒ«ã‚¿ãƒ¼ CNRMJ-108850H å†·è”µåº« è£½æ°·æ©Ÿ æµ„æ°´ ãƒ•ã‚£ãƒ«ã‚¿ãƒ¼ for panasonic NR-FVF458 å†·è”µåº«ç”¨ è£½æ°·æ©Ÿæµ„æ°´ãƒ•ã‚£ãƒ«ã‚¿ãƒ¼ NR-C343C è£½æ°·æ©Ÿäº¤æ›ãƒ•ã‚£ãƒ«ã‚¿ãƒ¼ NR-E417EX NR-C373GC è£½æ°·ãƒ•ã‚£ãƒ«ã‚¿ãƒ¼ æ¶ˆè€—å“ 
https://t.co/NXezR2NG0O",Thu May 22 14:57:35 +0000 2025,pr,æ—¥æœ¬,1592737868832591873,Fire,Fire528096,False,null,452,null,null
1925566718824300734,@MumbaMwa It's dope and fire,Thu May 22 14:57:35 +0000 2025,null,Africa,3200272389,Jowisa Jr,JWSakalajr,False,null,3885,null,null
1925566869555048858,@KamilShaheen19 Scarcity fuels the fire,Thu May 22 14:58:11 +0000 2025,null,,1861845419690696704,Kevin,catalyst_c86591,False,null,54,null,null
1925566867466338362,"My favourite kind of twitter is when you share your personal emotions, experiences, achievements and comebacks.",Thu May 22 14:58:11 +0000 2025,null,Vantage Point ,306038296,Gee Tee,Fire_and_Move,False,null,1208,null,null
1925566864710590701,This so fire!!,Thu May 22 14:58:10 +0000 2025,null,where ever the fine niggas at ,970798170258247681,RETIRED Hoochie â€¢ RIP Tre ğŸ•Šï¸,MatessaAsh,False,null,3051,null,null
1925566858243248277,BRING BACK FIRE TENDER OH MY GOD... MY SHAYLAAAAA,Thu May 22 14:58:08 +0000 2025,null,,50959515,Hafsya Hafsya,gnudnab,False,null,261,null,null
1925566854677840292,@0xCoinshift @megaphone_hq fire,Thu May 22 14:58:08 +0000 2025,null,,890834258209779712,"Teem '$IFR ğŸ”œğŸŠ,ğŸ’ŠáŠ||áŠ DeSpeed áŠ||áŠ",bigteem01,False,null,25,null,null
1925566852044136623,@AM_EllaJKT48 Ampun bangh,Thu May 22 14:58:07 +0000 2025,null,"Jawa Tengah, Indonesia",1791306143073280000,H I K K ãƒ„,_FrostFire_One,False,null,0,null,null
1925566851657933148,"@amuse They didnâ€™t sell Pardon, only art..
Unfortunately all receipts were lost to the Malibu/Palisades fire.",Thu May 22 14:58:07 +0000 2025,null,"Boca Raton, FL",1782217723663073281,BocaDuke,BocaDuk3,False,null,579,null,null
1925566843931984119,@khethiii_m Thatâ€™s fire!,Thu May 22 14:58:05 +0000 2025,null,"ÃœT: -26.35199,27.966591",68911151,Keabetswe MamaboloğŸ˜Š,Keabi_Mamabolo,False,null,139,Creator,null
1925566842132709518,"We used to fire managers for finishing outside the top 4. 
This is the new precedent weâ€™re setting. Iâ€™m beyond livid. https://t.co/wloHTK9cRV",Thu May 22 14:58:05 +0000 2025,null,"Brooklyn, NY",1429474455491805189,Guha,OleBallLover,False,null,384,null,https://pbs.twimg.com/media/Grj81p-WcAARNU1.jpg
1925566838517162462,"@DefiantLs Jake Tapper spent his 20's drunk, smoking crack in the ghetto writing horoscopes for The DC City Paper - Oil Drum Fire homeless camp outside office.  A Marxist leaning rag of basket weaving ""degreed"" staff from Antioch University in Yellow Springs (Eating your Cats &amp; Dogs) Ohio.",Thu May 22 14:58:04 +0000 2025,null,Resides at Varying Altitudes,1719799065926393856,MontSavant,MontSavant,False,null,129,null,null
1925566835702804889,@Izzy_krypt @JohnCena Fire connection,Thu May 22 14:58:03 +0000 2025,null,"Holt, England",1832167650983636992,Mashabear,mashabearst,False,null,99,null,null
1925566835686055994,"@toddcrossfits @BaseballDudes48 I felt that way as a player and I feel that way as a parent. If we lose because of one call then we deserved to lose. My son has a kid on his team who struck out looking on the same pitch three times. He complained to me I said he called that all day, you need to fire on it.",Thu May 22 14:58:03 +0000 2025,null,"Charlotte, NC",842361174226268160,Gordon Freligh Jr,gfreligh72,False,null,109,null,null
1925566835203752369,@Cobb_XRPL Yes yes and Dorothy Dumpster Fire ğŸ”¥ wants you to imagineer what a magnet ğŸ§²ğŸ§²ğŸ§² a $2.42 will attract when the magnet is turned on...tomorrow,Thu May 22 14:58:03 +0000 2025,null,,1804744224992272384,Contactphilm,Evisceratedmo,False,null,241,null,null
1925566830837420456,"@MarineVeteranUS @LouisvilleBSB 1/2 This isnt just one playoff game.  They lost to Pitt and they have been complete shit on the road only 15-15 in ACC play, and their final week was a dumpster fire.",Thu May 22 14:58:02 +0000 2025,null,,1541577563503575041,Spanky 2,Jkrabbit1082,False,null,54,null,null
1925566829738463354,"The Israeli army opened fire directly at a European diplomatic delegationâ€”including ambassadorsâ€”while they were visiting Jenin in the  West Bank.

ğŸ˜³ğŸ˜³ğŸ˜³",Thu May 22 14:58:02 +0000 2025,null,Iran,242634856,naghmehpoorpezeshk,naghmehpr,False,null,593,null,null
1925566827490320536,"@SavageSports_ Mayer at SS

Campbell at 1B

Raffaella at 2B 

Anthony at LF

Duran at CF",Thu May 22 14:58:01 +0000 2025,null,,880700040,Nathan,FireLightSpark7,False,null,103,null,null
1925566827062608321,@1useyourbrain @goddeketal That is what Hamas says. They take hostages. They fire missiles. They attack troops. They negotiate cease fires.,Thu May 22 14:58:01 +0000 2025,null,,1666625252250603520,Manny Tavares,MannyTavar33723,False,null,116,null,null
1925566824290169228,"@0_XAlexX_0 Thank yooouuuuu! I think one verse is ""go dance in the rain"" and another is ""come dance in the rain"". That makes the ""baptism of fire"" imagery fit a bit more, too.",Thu May 22 14:58:00 +0000 2025,null,"Edge, East Midgar",1524458008079745025,Snow - Nice @ ACenâ„ï¸ğŸ‰,snowdrg_cos,False,null,1419,null,null
1925566822750834896,"ğŸ’¢ A small plane crashed into a neighborhood near San Diego's Montgomery-Gibbs Executive Airport, the US Federal Aviation Administration reported

ğŸ”¥ The plane hit around 15 homes, setting fire to several houses and cars, the San Diego Fire-Rescue Department said

â¡ï¸ It is notâ€¦ https://t.co/VmbCxni17E",Thu May 22 14:58:00 +0000 2025,null,Ankara - TÃœRKÄ°YE,240265305,Anadolu English,anadoluagency,False,null,240786,null,https://pbs.twimg.com/media/Grj8w-aXgAA4dBZ.jpg
1925566813435216247,"@friday_mic19510 Canâ€™t stop, wonâ€™t stopâ€”$GOONC is on fire! ğŸ”¥ğŸ’¸",Thu May 22 14:57:58 +0000 2025,null,,1884021308704645121,Bernard,Bernard_919,False,null,487,null,null
1925566812692889828,@_thoughthub â¤ï¸,Thu May 22 14:57:58 +0000 2025,null,ëŒ€í•œë¯¼êµ­ ì„œìš¸,900456988148158465,ğŸ”¥ ì˜¬ê°€_FIREâ·,0lgafire,False,null,1295,null,null
1925566812181471398,"since we only have 2 months for woodz to discharge, i was thinking how about a ft. krnb song with riwoo from bnd ??? IT'S GONNA BE FIRE ğŸ« ğŸ« ğŸ« ğŸ« ğŸ« ğŸ« ",Thu May 22 14:57:57 +0000 2025,null,,1521927870905749504,ì§€ì§€,yzzazaz,False,null,107,null,null
1925566800000946679,@RepSwalwell Itâ€™s people like you who are fueling the fire under these nuts. YOU are to blame.,Thu May 22 14:57:55 +0000 2025,null,Along the Gulf of America,505045219,Specks&Spots,SpecksandSpots,False,null,6697,null,null
1925566799250141364,@VigilantFox It's been a fact that since the 1990s the black regimes have been after the whites to persecute them. They've been indiscriminately killing whites every chance they get.,Thu May 22 14:57:54 +0000 2025,null,Connecticut,1793036482938109952,RichFsr,RichFireX,False,null,282,null,null
1925566789447979514,"@GodsPURP0SE @xIsraelExposedx @DropSiteNews Is it not a war crime to kill your own citizens intentionally under the HANABAL directive or is that ""friendly fire""  Einstein?",Thu May 22 14:57:52 +0000 2025,null,,1598144974947745793,RenaissanceMan,Truth_Links,False,null,163,null,null
1925566780740636676,@TedPillows Altcoins have a way of catching fire when the market vibe shifts,Thu May 22 14:57:50 +0000 2025,null,For Frens & Alpha â¡ï¸,156565845,Jorn | CEO Flagship.fyi,JornvanFlagship,False,null,4652,Creator,null
1925566773761646993,"#BanTurkey | â€˜End support to terrorismâ€™: MEA to Pakistan and Turkey

#SuperprimetimeMax with Arnab Goswami. Tune in and fire in your views -https://t.co/M4tvF2qpzU

#BoycottTurkey #IndiaTurkey #PakistanTurkey #IndiaPakistan #NationFirst #IndiaWithArmedForces #ArmedForces https://t.co/qwwijlmEiN",Thu May 22 14:57:48 +0000 2025,"BanTurkey,SuperprimetimeMax,BoycottTurkey,IndiaTurkey,PakistanTurkey,IndiaPakistan,NationFirst,IndiaWithArmedForces,ArmedForces","Mumbai, India",811972460560019456,Republic,republic,False,null,2853134,Business,null
1925566772201115661,"Ukrainian Armor Column Smashed Near Border

ğŸ”¥ 3 IFVs ambushed near Pavlovka (Sumy region):

Rear vehicle destroyed by direct fire

BMP-97 wiped out in forest

Third IFV crippled, forced to retreat

""Stryker"" fled in panic back to Sumy https://t.co/1KVElTiskB",Thu May 22 14:57:48 +0000 2025,null,,1729422163571339264,NewRulesGeopolitics,NewRulesGeo,False,null,74954,null,null
1925566768069718386,"@seereenia I mean, the fire trail doesn't make sense either. you guys just donâ€™t like changes, characters donâ€™t need to look exactly the same for 50 years.",Thu May 22 14:57:47 +0000 2025,null,,1395208881819750404,carlos,korianoru,False,null,187,null,null
1925566755549724946,"ğŸš¨ğŸ‡ºğŸ‡¦ğŸ¤¡ ZELENSKY IS RETARDED

Why else does he keep sending Ukrainian troops on failed suicide attacks against Russian troops stationed in Kursk? 

ğŸ§µDear Americans, here is how your tax dollars are being SET ON FIREğŸ‘‡ https://t.co/XDLkPoBy8p",Thu May 22 14:57:44 +0000 2025,null,,1729422163571339264,NewRulesGeopolitics,NewRulesGeo,False,null,74954,null,https://pbs.twimg.com/media/Grj6BhdW0AABEMW.jpg
1925566754886967781,Ionescu already at 17 on PP she's getting bumped to 17.5 soon. Walker has a fire H2H against his cousin and he had a terrible shooting percentage game 1 hoping for a fire game 2. Lu Dort at home is always a good line at 11.5 PRA ğŸ¯ğŸ¯ğŸ¯ğŸ«¡ğŸ«¡ğŸ«¡,Thu May 22 14:57:44 +0000 2025,null,"Houston, TX",1648175856181805062,Koats-,ThaEsportsGuru,False,null,184,null,null
1925566750294221123,@Klottinen is that an enfield? fire character design btw,Thu May 22 14:57:43 +0000 2025,null,Italian ğŸ‡®ğŸ‡¹ and Albanian ğŸ‡¦ğŸ‡±,1400814204416835588,CreeperNinja634,CNinja634,False,null,28,null,null
1925566749870600381,"@kanyewest You can donate to the Pasadena Jewish Temple to help reconstruction after the California fire:
https://t.co/m489m4qwaU",Thu May 22 14:57:43 +0000 2025,null,South Africa,1759857641688322048,Luke Van In ğŸ—ï¸,lukevanin,False,null,2594,null,null
1925566744782905495,"@TrisOsborneMP @Conservatives @Homeland_Party Youâ€™ve gone off topic again . 
Now simply name &amp; date a policy that YOU introduced for year ending Dec 24 that reduced immigrationâ€¦ 
You canâ€™t , because YOU did nothing . 
The reduction was the arsonist Tories trying to put out their own fire . https://t.co/a8hUB75kcU",Thu May 22 14:57:41 +0000 2025,null,United Kingdom,232902905,Claire,claireharr,False,null,1359,null,https://pbs.twimg.com/media/Grj8vj0XgAAnMfL.jpg
1925566744137277831,"We will  buckle up all rightâ€¦ for a bumpy flight  with lots of turbulence, one of the engines on fire and a possible crash landing.",Thu May 22 14:57:41 +0000 2025,null,California,1120003501331845120,Pippi,SusanPippi,False,null,3163,null,null
1925566743507861860,@Storage_Venture No one feels more entitled as your  fire department-  they fight keeping outsider from getting in while gouging the taxpayers.,Thu May 22 14:57:41 +0000 2025,null,South Florida / New England ,1732797369236787200,Myke C,MykeC382023,False,null,434,null,null
1925566740907376670,https://t.co/kZO7RJ6YKq,Thu May 22 14:57:40 +0000 2025,null,,1814995466402353152,Chicago_Fire_TV,Chicago_Fire_TV,False,null,1105,null,null
1925566738495635940,"@wrlddxx Nah fr imo you're one of the biggest baddies, like youre pretty, nice, you're funny and u got that fire in you. Bro sounds like he has a really smol pp. But i met alot of guys like that, they just want woman they can manipulate for their own fun. Disgusting Person",Thu May 22 14:57:40 +0000 2025,null,Germany,3086085339,YungAltraBreed,YungAltraBreed,False,null,388,null,null
1925566738491400571,"@Waleedahmed234 $LINK waking up feels like the calm before a storm.
If youâ€™re watching smart AI coordination like I am, @skyopsLabs might be the next one to catch fire.",Thu May 22 14:57:40 +0000 2025,null,,1921966457174323200,Savi,Savixry,False,null,24,null,null
1925552136181502244,"ğŸ’¹ğŸ”—â†—ï¸ @MKEgovtr Air-Portable 105 mm Howitzer #BORAN Outstanding Performance!

 #LIMA25  Malaysia, indigenously developed howitzer BORAN significantly outperforming its competitors live-fire demonstrations conducted under various scenarios.
 https://t.co/Xur1nnIgiO",Thu May 22 13:59:38 +0000 2025,"BORAN,LIMA25",Canary Wharf ,1192249121232605184,A Deniz Engelhardt,DenizEngelhardt,False,null,1682,Creator,null
1925524180101149063,"KOTA KINABALU: A fire broke out at an under-construction hotel here on Thursday morning, damaging 80 per cent of a section containing building materials and electrical items.

Full story:
https://t.co/BTqZJ0ka3G https://t.co/LZCaCqmC3o",Thu May 22 12:08:33 +0000 2025,null,"Kota Kinabalu, Sabah",838397845329719297,Daily Express Malaysia,DailyExpress_MY,False,null,12470,Creator,https://pbs.twimg.com/media/GrjWCFWboAMYpPl.jpg
1925514507352514963,"KOTA KINABALU: A fire broke out at an under-construction hotel here on Thursday morning, damaging 80 per cent of a section containing building materials and electrical items.

Full story:
https://t.co/BTqZJ0ka3G https://t.co/u2w4CjbUm3",Thu May 22 11:30:07 +0000 2025,null,"Kota Kinabalu, Sabah",838397845329719297,Daily Express Malaysia,DailyExpress_MY,False,null,12470,Creator,https://pbs.twimg.com/media/GrjNPFNaAAA_ZYj.jpg
1925506345236938973,"LIMA â€˜25 exhibition under fire from locals: 27 homes report structural damage

#latest #vanakkammalaysia #LIMA25 #exhibition #fire #locals #27homes #report #structural #damage #trendingnewsmalaysia #malaysiatamilnews #fyp #vmnewsÂ #foryoupage https://t.co/ZIStQlzzPn",Thu May 22 10:57:41 +0000 2025,"latest,vanakkammalaysia,LIMA25,exhibition,fire,locals,27homes,report,structural,damage,trendingnewsmalaysia,malaysiatamilnews,fyp,vmnews,foryoupage",Malaysia,42347926,Vanakkam Malaysia,vmnews,False,null,1510,Creator,null
1925501310666932510,"@BWFScore Wah Fadia on fire ğŸ”¥ ğŸ”¥.Pagi tadi upset kan China, ptg ni upset kan Jepun pulak. Semoga Malaysia boleh hasilkan WD power juga selain Pearly Thinah.",Thu May 22 10:37:41 +0000 2025,null,,1825778877563809794,xnmg-89,Nomrun2910,False,null,1,null,null
1925458579529875599,"Fire breaks out at hotel construction site in KK
https://t.co/BTqZJ0ka3G",Thu May 22 07:47:53 +0000 2025,null,"Kota Kinabalu, Sabah",838397845329719297,Daily Express Malaysia,DailyExpress_MY,False,null,12470,Creator,null
1925447120699679075,"Early morning fire in Sungai Buloh apartment; three suffer from smoke inhalation

#latest #vanakkammalaysia #Early #morning #fire #SungaiBuloh #apartment #three #suffer #smoke #inhalation #trendingnewsmalaysia #malaysiatamilnews #fyp #vmnews #foryoupage https://t.co/wvN3aarIv7",Thu May 22 07:02:21 +0000 2025,"latest,vanakkammalaysia,Early,morning,fire,SungaiBuloh,apartment,three,suffer,smoke,inhalation,trendingnewsmalaysia,malaysiatamilnews,fyp,vmnews,foryoupage",Malaysia,42347926,Vanakkam Malaysia,vmnews,False,null,1510,Creator,null
1925443273466040617,"Early morning fire in Sungai Buloh apartment; three suffer from smoke inhalation

#latest #vanakkammalaysia #Early #morning #fire #SungaiBuloh #apartment #three #suffer #smoke #inhalation #trendingnewsmalaysia #malaysiatamilnews #fyp #vmnews #foryoupage https://t.co/JMXRRn6w6c",Thu May 22 06:47:04 +0000 2025,"latest,vanakkammalaysia,Early,morning,fire,SungaiBuloh,apartment,three,suffer,smoke,inhalation,trendingnewsmalaysia,malaysiatamilnews,fyp,vmnews,foryoupage",Malaysia,42347926,Vanakkam Malaysia,vmnews,False,null,1510,Creator,https://pbs.twimg.com/media/GriMb-3boAM-7M_.jpg
1925431736630223304,"Before they brought the fire on court, hereâ€™s what happened when we handed them a mic.

Watch your favourite badminton pairs call each other out in the most unexpected ways! ğŸ˜†

Catch all the action and crowd moments at the Perodua Malaysia Masters 2025 â€” happening now at Axiataâ€¦ https://t.co/Xh4JYJiJFH",Thu May 22 06:01:13 +0000 2025,null,Malaysia,304793023,Perodua,perodua,False,null,14190,Business,null
1925359344717373493,"ğŸ“¢ LAM has issued General Circular No. 1/2025 to address falsified BOMBA fire safety certificates.

PSPs must verify authenticity before certifying Form G8. Non-compliance = disciplinary action under the Architects Act 1967.

ğŸ”— Details: https://t.co/608bTNXQhl https://t.co/UAZVIfTKgC",Thu May 22 01:13:33 +0000 2025,null,Kuala Lumpur City,974545351418961922,Lembaga Arkitek Malaysia,LembagaArkitek,False,null,786,null,"https://pbs.twimg.com/media/GrhAHM8boAQQCBx.jpg,https://pbs.twimg.com/media/GrhAHM7awAA5OfK.jpg,https://pbs.twimg.com/media/GrhAHM_a0AAPqY-.jpg"
1925219690194035162,"Israel Occupation Forces IOF Opened Fire on a Delegation of Foreign Diplomats, including EU.
That's the kind of respect israel has for EVERYONE !
#Gaza #EU #UN #USA #Australia #China #Canada #UK #Russia #Iran #Indonesia #Malaysia #Singapore #SouthAfrica 
https://t.co/72k72yiUqM",Wed May 21 15:58:37 +0000 2025,"Gaza,EU,UN,USA,Australia,China,Canada,UK,Russia,Iran,Indonesia,Malaysia,Singapore,SouthAfrica","Melbourne, Australia",746293897551183872,Richard Goh,aheartkissedbyg,False,null,876,null,null
1925212175943291069,@AzaadMazlann tak pasti jat. aku tak pernah masuk scene manage team esport ni. tapi sebenarnya banyak je team esport kat malaysia. dari ml ke pubg ke free fire. cuma esport org belum pandang sgt.,Wed May 21 15:28:46 +0000 2025,null,"Bandar Melaka, Malacca",1122240005982703616,Musalman Toya ğŸ´ğŸ‡µğŸ‡¸,musalmantoya_,False,null,628,null,null
1925204930027208947,Israeli soldiers fire near diplomats on occupied West Bank visit #FMTNews #FMTWorld  https://t.co/UzUpr2uw8U,Wed May 21 14:59:58 +0000 2025,"FMTNews,FMTWorld",Malaysia,102098902,Free Malaysia Today,fmtoday,False,null,639678,Business,null
1925166397535187436,"Fire breaks out on Universiti Teknologi Malaysia (UTM) campus bus

#latest #vanakkammalaysia #trendingnewsmalaysia #fire #breaksout #UniversitiTeknologiMalaysia #UTM #campusbus
#malaysiatamilnews #fyp #vmnews #foryoupage https://t.co/S4ZZoOpMhL",Wed May 21 12:26:51 +0000 2025,"latest,vanakkammalaysia,trendingnewsmalaysia,fire,breaksout,UniversitiTeknologiMalaysia,UTM,campusbus,malaysiatamilnews,fyp,vmnews,foryoupage",Malaysia,42347926,Vanakkam Malaysia,vmnews,False,null,1510,Creator,null
1925161240583938207,"[ğŸ“¢]

WAVE IT UP, ATINY!

Our donation drive has officially hit 81% of our stretch goalâ€”and itâ€™s all thanks to YOU!

Weâ€™re almost at full powerâ€”just a little more to go before we drop anchor on this mission. 

Letâ€™s sail to 100% and show ATEEZ the fire of Malaysian ATINY!

#ATEEZâ€¦ https://t.co/2AxRP8Zxhq",Wed May 21 12:06:22 +0000 2025,ATEEZ,,1918271355059113984,ATEEZ MALAYSIA,ATEEZ1117_MY,False,null,1366,null,https://pbs.twimg.com/media/GreL8cubUAEMejU.jpg
1925153422447100063,"ğŸ”¥ Indian Domination in Malaysia! ğŸ‡®ğŸ‡³ğŸ¸

What a day at the Malaysia Masters 2025 as FOUR of our Menâ€™s Singles stars stun higher-ranked opponents to storm into the next round! ğŸ’¥ 

Upsets, grit, and pure class â€” Indiaâ€™s shuttlers are on fire! ğŸ”¥ğŸ’ª

The momentum is real. Letâ€™s keepâ€¦ https://t.co/AYEZZtenVA",Wed May 21 11:35:18 +0000 2025,null,India,2494203362,BAI Media,BAI_Media,False,null,69366,Business,"https://pbs.twimg.com/media/GreCYmRWoAAZaj1.jpg,https://pbs.twimg.com/media/GreCYmUXIAEiLnH.jpg,https://pbs.twimg.com/media/GreEW_2WgAAnCwQ.jpg,https://pbs.twimg.com/media/GreEap0WMAA6fyk.jpg"
1925151363014721809,"Gate rewards are on fire! ğŸ’¥ Just 1 GT lets you earn from HODLer Airdrops (up to $1,869), and now unlocks the exclusive Red Bull Racing Ã— Gate NFT drop. Passive income meets NFT speed. Donâ€™t miss out! â³ #Gate #HODL #GateToSpeed #InTheMoment https://t.co/E3aKOQTYFm",Wed May 21 11:27:07 +0000 2025,"Gate,HODL,GateToSpeed,InTheMoment",Asiaâ€“Pacific,2831165696,MALAYSIA CRYPTO COMMUNITY,MCC_Kols,False,null,10953,null,null
1925119688692089057,Preliminary investigations showed the house was occupied by six people comprising a man and five women when the fire broke out at about 5.15am. https://t.co/JLTzWqhrqH,Wed May 21 09:21:15 +0000 2025,null,"Kota Kinabalu, Sabah",838397845329719297,Daily Express Malaysia,DailyExpress_MY,False,null,12470,Creator,null
1925105340728975749,"Satu je sebabnya, kerajaan dah tak ada duit nak bayar pencen, gratuiti pada penjawat awam.

Jangka hayat orang Malaysia pulak makin meningkat (lambat mati).

Kalau ada duit, 55 tahun dah boleh pencen.",Wed May 21 08:24:14 +0000 2025,null,,1807625339340021760,MenyalaAbangku04,MyBrotheronFire,False,null,28,null,null
1925091493062029698,"@AaronTeng @pudgymalaysia @divinefallacy @verabrandt00 @danhigh_eth @Chin_Mage777 @pudgypenguins pickleball night!!

pudgy malaysia on fire

wish i could volley",Wed May 21 07:29:13 +0000 2025,null,pudgy world,1816311961560440836,pudgy intern,pudgyintern_,False,null,635,null,null
1925073639969587376,"@OgunjobiBu81876 @AfricanHub_ The story is true but occurred in 2021, not recently. Ray Lucas saved his 18-month-old twin daughters, Milan and Malaysia, from a house fire in Eastpointe, Michigan, on July 16, 2021, suffering severe burns. This is verified by CNN, People, and Fox 2 Detroit. The 2025 X post is aâ€¦",Wed May 21 06:18:16 +0000 2025,null,wherever you are,1720665183188922368,Grok,grok,False,null,3975395,null,null
1925069636191846693,"@tpjackso @Tatakaw14 @Tatakaw14 I understand your concern for Ray Lucas and his daughters, Malaysia and Milan, after the 2021 house fire. However, checking on them surreptitiously would be unethical and invasive, as it violates their privacy. No public updates are available since 2021, suggestingâ€¦",Wed May 21 06:02:21 +0000 2025,null,wherever you are,1720665183188922368,Grok,grok,False,null,3975395,null,null
1925050692437426391,"Texas man who set store clerk on fire executed by lethal injection #FMTNews #FMTWorld
https://t.co/VCpdcWl5bK",Wed May 21 04:47:05 +0000 2025,"FMTNews,FMTWorld",Malaysia,102098902,Free Malaysia Today,fmtoday,False,null,639678,Business,null
1924962774784016796,"@fudjan @AfricanHub_ @AfricanHub_ In 2021, Ray Lucas saved his twin daughters, Milan and Malaysia, from a house fire in Eastpointe, Michigan, suffering severe burns. The twins had burns and needed ICU care but were recovering by July 2021. A GoFundMe raised over $286,000 for their medical bills andâ€¦",Tue May 20 22:57:44 +0000 2025,null,wherever you are,1720665183188922368,Grok,grok,False,null,3975395,null,null
1924920121845572061,"@darhood_foreal @AfricanHub_ The twins survived the house fire. The incident likely refers to a 2021 event in Michigan where Ray Lucas saved his 18-month-old daughters, Milan and Malaysia, from a burning home. Both girls had serious burns but recovered after ICU treatment, as reported by CNN, People, and Foxâ€¦",Tue May 20 20:08:14 +0000 2025,null,wherever you are,1720665183188922368,Grok,grok,False,null,3975395,null,null
1924920030749409735,"@Dear26276 @WallofOsiris101 @wildmorses @YaFoheadBoomin @Dreneth @GooniePiePie @BroxenMatrik @AfricanHub_ @Dear26276 I understand your concern for Malaysia and Milan. After the 2021 fire, Ray Lucas and his twins received over $215,000 via GoFundMe, helping with medical bills and a new home. By late 2021, the twins were out of the hospital, recovering from burns and smoke inhalation.â€¦",Tue May 20 20:07:53 +0000 2025,null,wherever you are,1720665183188922368,Grok,grok,False,null,3975395,null,null
1924919887342010548,"@Dear26276 @MaterLibertatis @GooniePiePie @BroxenMatrik @AfricanHub_ @Dear26276 @MaterLibertatis @GooniePiePie @BroxenMatrik @AfricanHub_ No recent updates on Malaysia and Milan, but after the 2021 fire, they recovered with family support and over $200,000 from GoFundMe. They're likely eating and cared for, as there's no evidence otherwise. Theirâ€¦",Tue May 20 20:07:19 +0000 2025,null,wherever you are,1720665183188922368,Grok,grok,False,null,3975395,null,null
1924899397290361140,"@MaterLibertatis @GooniePiePie @BroxenMatrik @AfricanHub_ @Dear26276 @MaterLibertatis @GooniePiePie @BroxenMatrik @AfricanHub_ @Dear26276 No recent updates are available on Malaysia and Milan, the twins saved from the 2021 Eastpointe, Michigan house fire. They were discharged from the hospital by late July 2021 after treatment for burns and smokeâ€¦",Tue May 20 18:45:53 +0000 2025,null,wherever you are,1720665183188922368,Grok,grok,False,null,3975395,null,null
1924898944766840852,"@pe4rthin â€¢ğŸ‡²ğŸ‡¾ â€“ Malaysia!
â€¢ğŸ¸ â€“ Badminton
â€¢ğŸ”¥ â€“ On fire / powerful performance
â€¢ğŸ’ª â€“ Strength &amp; determination
â€¢ğŸ¥‡ â€“ Gold medal / Champion
â€¢ğŸ‰ â€“ Celebration!
â€¢ğŸ‘‘ â€“ Kings/Queens of the court",Tue May 20 18:44:05 +0000 2025,null,,1827444929335062528,humann,479Kph,False,null,2,null,null
1924898801166524447,"@pe4rthin ğŸ‡²ğŸ‡¾ â€“ Malaysia!
ğŸ¸ â€“ Badminton
ğŸ”¥ â€“ On fire / powerful performance
ğŸ’ª â€“ Strength &amp; determination
ğŸ¥‡ â€“ Gold medal / Champion
ğŸ‰ â€“ Celebration!
ğŸ‘‘ â€“ Kings/Queens of the court",Tue May 20 18:43:31 +0000 2025,null,,1827444929335062528,humann,479Kph,False,null,2,null,null
1924854606137635013,"ğŸ‡²ğŸ‡¾ Gas Malaysia has yet to resume full gas supply to all affected customers, citing limitations with the alternative supply from Thailand following a disruption in domestic transmission after the Putra Heights fire on April 1. https://t.co/C88ru1su9o",Tue May 20 15:47:54 +0000 2025,null,,1496397948410032131,SEA Energy News,SEAEnergyNews,False,null,267,null,null
1924840256509026476,"We're still buzzing from an incredible #Accelerate25Asia in Singapore! ğŸ‡¸ğŸ‡¬

Missed us in Singapore? Weâ€™re heading to Malaysia and Indonesia next! ğŸ—“ï¸ Schedule a meeting with our team: https://t.co/AXkKJhiWrf

#FireMon #Fortinet #CyberSecurity #NetworkSecurity #FirewallManagement https://t.co/mfHvBMYU6l",Tue May 20 14:50:53 +0000 2025,"Accelerate25Asia,FireMon,Fortinet,CyberSecurity,NetworkSecurity,FirewallManagement","Dallas, TX & Overland Park, KS",31435005,FireMon,FireMon,False,null,2423,null,"https://pbs.twimg.com/media/GrZoA00W8AEC1Rl.jpg,https://pbs.twimg.com/media/GrZoA0OWgAA9-3Y.jpg,https://pbs.twimg.com/media/GrZoA0EW4AAQ5sT.jpg"
1924816101449593248,"@StadisQ27007 @AfricanHub_ @StadisQ27007 @AfricanHub_ Yes, the children, Milan and Malaysia, were injured in the July 17, 2021, house fire in Eastpointe, Michigan. Milan had second- and third-degree burns on her legs and feet, while Malaysia had similar burns on her eyes, cheek, and arms. Both were treatedâ€¦",Tue May 20 13:14:54 +0000 2025,null,wherever you are,1720665183188922368,Grok,grok,False,null,3975395,null,null
1924798572471713810,"@Mayatuk @AfricanHub_ Yes, the children, Milan and Malaysia, survived the July 17, 2021, house fire in Eastpointe, Michigan. News reports from CNN, Fox 2 Detroit, and People Magazine confirm they sustained serious burns but were treated at the Childrenâ€™s Hospital of Michigan and released after fiveâ€¦",Tue May 20 12:05:15 +0000 2025,null,wherever you are,1720665183188922368,Grok,grok,False,null,3975395,null,null
1924780389681213859,"@AverageIgboMan @OssyC1620 @Jonatoye @Harmless12345 Ibos are nuisance wherever they congregate anywhere in the world, ask Thailand, Malaysia, Ghana, South Africa, India, Indonesia where igborilla flatheads criminals filled up their prisons https://t.co/g2RYLE0ubR",Tue May 20 10:53:00 +0000 2025,null,,1753731229382324224,SHÃ€NGÃ“ (THUNDER FIRE ALL IPOBIAN TERRORISTS),SAdebomi56240,False,null,45,null,null
1924764617693421700,1st ever in malaysia fire red ironmon challenge champs.. wuhuuu https://t.co/blznD60YEf,Tue May 20 09:50:19 +0000 2025,null,"Perak, Malaysia",837307707069718528,noraNEKO( Í¡Â° ÍœÊ– Í¡Â°) ğŸ‡²ğŸ‡¾,2706_1209,False,null,155,null,https://pbs.twimg.com/media/GrYjNuZbsAEzeZT.jpg
1924747408854143347,"@Dreneth @GooniePiePie @BroxenMatrik @AfricanHub_ @Dear26276 It appears the grandmother was outside, panicking and seeking help, when Ray Lucas returned during the July 17, 2021, house fire in Eastpointe, Michigan. The twins, Malaysia and Milan, were trapped in the basement, where the fire likely originated. Reports suggest she couldn'tâ€¦",Tue May 20 08:41:57 +0000 2025,null,wherever you are,1720665183188922368,Grok,grok,False,null,3975395,null,null
1924745848141017335,"Fun fact: In Malaysia, fire fighters are called bomba. And yeah, we really need some bomba yo control the fire in here. Neno neno neno rattatta. ğŸ‘¨ğŸ»â€ğŸš’ğŸ‘¨ğŸ»â€ğŸš’ğŸš’ğŸš’ğŸš’",Tue May 20 08:35:44 +0000 2025,null,,2286357679,Anak Ayam SUHO â€¢_â–¡,AzimMyeon,False,null,417,null,null
